"https://image.dayi.org.cn/public/uploads/20180625/ea951b158ac32dd8a06ff9e0629d4bcd.jpg?x-oss-process=image/resize,w_150"
"https://image.dayi.org.cn/img/20250826/0a4f4d8c6a944de191efc1d5ac260214.jpg?x-oss-process=image/resize,w_150"
"https://image.dayi.org.cn/public/uploads/20180619/3f49bf8b7766c937115ee2e4cea96c5c.jpg?x-oss-process=image/resize,w_150"
"https://image.dayi.org.cn/img/20250530/f9cdbb655b9b439b80053f85a864112a.jpg?x-oss-process=image/resize,w_150"
"https://image.dayi.org.cn/public/uploads/20180625/d50f74d9154ad9f07696c31b890540fc.jpg?x-oss-process=image/resize,w_150"
"https://image.dayi.org.cn/public/uploads/20180621/162a11282b1e919d8cf70619d2cc25fd.jpg?x-oss-process=image/resize,w_150"
"https://image.dayi.org.cn/img/20250825/e12de5b097de4eb9aef8d40e35e02519.jpg?x-oss-process=image/resize,w_150"
"https://image.dayi.org.cn/public/uploads/20180613/134ce26710129955d394340cfabb5649.jpg?x-oss-process=image/resize,w_150"
"https://image.dayi.org.cn/img/20250604/f138244f8f1e4bc49d190ca7a380875d.jpg?x-oss-process=image/resize,w_150"
"https://image.dayi.org.cn/public/uploads/20180622/3cf3490fd670eee4ece0183e3a38b884.jpg?x-oss-process=image/resize,w_150"
"https://image.dayi.org.cn/img/20240510/ba49990a099c4f7f9bf780af2fa02cc6.jpg?x-oss-process=image/resize,w_150"
"https://image.dayi.org.cn/img/20251205/ba1e6a938cf74825b84354118ab81e0b.jpeg?x-oss-process=image/resize,w_150"
"https://image.dayi.org.cn/img/20251218/05a3bad0e08f4d8f9fd59af5ffcf7e82.jpg?x-oss-process=image/resize,w_150"
"https://image.dayi.org.cn/img/20251126/ba336ce4621f4c6ea45012e3c8b54642.jpg?x-oss-process=image/resize,w_150"
"https://image.dayi.org.cn/public/uploads/20190403/360672ac4b9ad6c4387d9e213b59feb6.png?x-oss-process=image/resize,w_150"
"https://image.dayi.org.cn/public/uploads/20200317/c6deeb652e9be2a271c16b3a23203507.png?x-oss-process=image/resize,w_150"
"https://image.dayi.org.cn/img/20250930/8a1a0594da1a4307b5d376dd27b26d89.jpg?x-oss-process=image/resize,w_150"
"https://image.dayi.org.cn/public/uploads/20180621/be459b61cd9ff964c9de0e52138dcaff.jpg?x-oss-process=image/resize,w_150"
"https://image.dayi.org.cn/img/20230706/39862005d62d4f05ad02075d545b3704.jpeg?x-oss-process=image/resize,w_150"
"https://image.dayi.org.cn/public/uploads/20180626/35bb7302e2bf1006b5350ac478451aa2.jpg?x-oss-process=image/resize,w_150"
"https://image.dayi.org.cn/public/uploads/20200317/bb25239eddca787f3d6ebafe5824ea7f.png?x-oss-process=image/resize,w_150"
"https://image.dayi.org.cn/img/20250530/bf0c5bd025b74f2ead4bafca02d23afd.jpg?x-oss-process=image/resize,w_150"
"https://image.dayi.org.cn/public/uploads/20180622/d902c21226c632afd4f40ca9096882ae.jpg?x-oss-process=image/resize,w_150"
"https://image.dayi.org.cn/public/uploads/20180626/a06fd2e616fa65a92fe70d5c9e0a1a15.jpg?x-oss-process=image/resize,w_150"
"https://image.dayi.org.cn/img/20250716/a5e19b111260435a98762da7d7248dfe.jpg?x-oss-process=image/resize,w_150"
"https://image.dayi.org.cn/public/uploads/20180625/2d4429302803e2e94ce539f993523848.jpg?x-oss-process=image/resize,w_150"
"https://image.dayi.org.cn/img/20250826/b627b8b7be214e6694b22f196a93b300.jpg?x-oss-process=image/resize,w_150"
https://www.dayi.org.cn/_nuxt/img/public.37e547c.jpg
"https://image.dayi.org.cn/public/uploads/20180627/9d54062575bc7a81266491c8eb7d6934.jpg?x-oss-process=image/resize,w_150"
https://www.dayi.org.cn/_nuxt/img/public.37e547c.jpg
"https://image.dayi.org.cn/img/20230706/ab91f734d755410e944d78ab6c173214.jpeg?x-oss-process=image/resize,w_150"
"https://image.dayi.org.cn/public/uploads/20180620/655ddf49b1f3dc7ed9a6c296bcd0a5a6.jpg?x-oss-process=image/resize,w_150"
"https://image.dayi.org.cn/public/uploads/20180626/c0ef66bbc98bd6fb5b0280c841536612.jpg?x-oss-process=image/resize,w_150"
"https://image.dayi.org.cn/public/uploads/20180621/7c569bb08a55d5b8c3ad02adb2b9c8a3.jpg?x-oss-process=image/resize,w_150"
"https://image.dayi.org.cn/img/20251009/d44722b36207433da40484a8509bf2f8.jpg?x-oss-process=image/resize,w_150"
"https://image.dayi.org.cn/public/uploads/20180626/97108d6d506e409f8e7352ecebc0c2e0.jpg?x-oss-process=image/resize,w_150"
"https://image.dayi.org.cn/public/uploads/20180628/54d86c26824e7945df90a379b4336bc9.png?x-oss-process=image/resize,w_150"
"https://image.dayi.org.cn/public/uploads/20180628/9499c7c995f1ece6c079c8cd4d85ba90.jpg?x-oss-process=image/resize,w_150"
"https://image.dayi.org.cn/public/uploads/20180625/c5704057e7f9a9ba8989fbb7c8a7ac1d.jpg?x-oss-process=image/resize,w_150"
"https://image.dayi.org.cn/public/uploads/20180305/4ed4d329d56e6d22e27db101bdcef76a.jpg?x-oss-process=image/resize,w_150"
"https://image.dayi.org.cn/img/20220124/Ne5bCFBeZW.jpeg?x-oss-process=image/resize,w_150"
"https://image.dayi.org.cn/img/20251023/60d47ca3a8ed4a6cbd0a513d14db3e53.jpg?x-oss-process=image/resize,w_150"
"https://image.dayi.org.cn/public/uploads/20180626/4b692ce461919c5a5514edd770f341ce.jpg?x-oss-process=image/resize,w_150"
"https://image.dayi.org.cn/img/20251110/3b5880f8b118454aaa03fbf154c13fb6.jpg?x-oss-process=image/resize,w_150"
"https://image.dayi.org.cn/img/20251027/37367e6dddb5475fb842c45a9028d2f7.jpg?x-oss-process=image/resize,w_150"
"https://image.dayi.org.cn/img/20250826/3ed55948192a4efd8b1ff64c2e4eb10c.jpg?x-oss-process=image/resize,w_150"
"https://image.dayi.org.cn/img/20250701/503bdd1845834f8d8e2cebd84dac54d0.jpg?x-oss-process=image/resize,w_150"
"https://image.dayi.org.cn/public/uploads/20180619/8ed275f7ef2edeef2e79ce9f21c1e6ea.jpg?x-oss-process=image/resize,w_150"
"https://image.dayi.org.cn/public/uploads/20180615/ab9b15352dc4c671511a75e7c585fdf9.jpg?x-oss-process=image/resize,w_150"
"https://image.dayi.org.cn/public/uploads/20180627/1b6b36f2eec97f56997d5a35e89e7ebb.png?x-oss-process=image/resize,w_150"
"https://image.dayi.org.cn/public/uploads/20180622/745748febbc5ed1e18daaaa6b6d5dc4a.jpg?x-oss-process=image/resize,w_150"
"https://image.dayi.org.cn/img/20251013/639ff4315a954f968607f177b736ac98.jpg?x-oss-process=image/resize,w_150"
"https://image.dayi.org.cn/img/20260104/84f1b67cdd564b3faa58036a9104b0e6.png?x-oss-process=image/resize,w_150"
"https://image.dayi.org.cn/img/20250825/fbcb9f65c5894f9fb0e2a1c1c1fa9554.jpg?x-oss-process=image/resize,w_150"
"https://image.dayi.org.cn/public/uploads/20180622/93a46053fe8bd911bfcf4b999a288bfe.jpg?x-oss-process=image/resize,w_150"
"https://image.dayi.org.cn/public/uploads/20180620/a7eb3c1037ab281b677b1865a77edeb2.jpg?x-oss-process=image/resize,w_150"
"https://image.dayi.org.cn/public/uploads/20180614/c13fb68887660917e9d61ffba93eb631.jpg?x-oss-process=image/resize,w_150"
"https://image.dayi.org.cn/img/20251009/48778e6e6e834c78b596f5ab2b960139.jpg?x-oss-process=image/resize,w_150"
"https://image.dayi.org.cn/img/20250711/df659cef89d4492b94029cba1b01dfeb.jpg?x-oss-process=image/resize,w_150"
"https://image.dayi.org.cn/public/uploads/20180613/4463ca1819c183bfab85b7e1c0e722d3.jpg?x-oss-process=image/resize,w_150"
https://www.dayi.org.cn/_nuxt/img/public.37e547c.jpg
"https://image.dayi.org.cn/img/20251204/73d0c1574e894ab3ba33cf115cd89a28.jpg?x-oss-process=image/resize,w_150"
"https://image.dayi.org.cn/public/uploads/20180621/bd5e1d605a3f569f523d4a40e2d18454.jpg?x-oss-process=image/resize,w_150"
"https://image.dayi.org.cn/img/20250702/917da804b7ab42f490ba8e329042a8db.jpg?x-oss-process=image/resize,w_150"
"https://image.dayi.org.cn/public/uploads/20200317/4c584a8a0d66b08223359b6d227e52f7.png?x-oss-process=image/resize,w_150"
"https://image.dayi.org.cn/img/20250702/0be17349ede942b58deaae0372ae2eb2.jpg?x-oss-process=image/resize,w_150"
"https://image.dayi.org.cn/img/20250825/40f36cb2a0124ab2a7723e9f16783510.jpg?x-oss-process=image/resize,w_150"
"https://image.dayi.org.cn/public/uploads/20180626/24a29b3b6cf61fbabd3da7d9bee89092.jpg?x-oss-process=image/resize,w_150"
"https://image.dayi.org.cn/img/20250825/50948a8c6b634f40939f4b1ae0c45ce7.jpg?x-oss-process=image/resize,w_150"
"https://image.dayi.org.cn/img/20250825/bf020e456b6a410ba4d31ab8e0463682.jpg?x-oss-process=image/resize,w_150"
"https://image.dayi.org.cn/img/20251120/32c733f0ac5f415b9fb5c9fbade51fa8.jpg?x-oss-process=image/resize,w_150"
"https://image.dayi.org.cn/public/uploads/20180615/4d45e552d2545722c11a978316876d9c.jpg?x-oss-process=image/resize,w_150"
"https://image.dayi.org.cn/img/20250711/91f27aeeba7244939c73724208aab2bb.jpg?x-oss-process=image/resize,w_150"
"https://image.dayi.org.cn/img/20250702/de83e4a57fe94d5eab76cf1cb7d8c2ca.jpg?x-oss-process=image/resize,w_150"
"https://image.dayi.org.cn/img/20250716/6c3e6cda4b534128ab14735c17be5aef.jpg?x-oss-process=image/resize,w_150"
"https://image.dayi.org.cn/public/uploads/20180621/fb1c9dde305d0b08923bc09205f4f02f.jpg?x-oss-process=image/resize,w_150"
"https://image.dayi.org.cn/img/20250825/c858f175df5848779749d8cb5211a241.jpg?x-oss-process=image/resize,w_150"
"https://image.dayi.org.cn/public/uploads/20180627/d99c85a6716bc7209e87a91112a83e75.jpg?x-oss-process=image/resize,w_150"
"https://image.dayi.org.cn/img/20230706/e42695b52df84d02be574c4bc8a94c55.jpg?x-oss-process=image/resize,w_150"
"https://image.dayi.org.cn/img/20251114/31f203449ce94632ac1f22fdb82c6b86.jpg?x-oss-process=image/resize,w_150"
"https://image.dayi.org.cn/public/uploads/20180614/f3570bbfcc4f5128ab39d4b82709235a.jpg?x-oss-process=image/resize,w_150"
"https://image.dayi.org.cn/public/uploads/20180621/0ce67b46849561d5d6508b6f98c9a31d.jpg?x-oss-process=image/resize,w_150"
"https://image.dayi.org.cn/img/20250711/29fb39e0ffad46c48d169d6a5571a5da.jpg?x-oss-process=image/resize,w_150"
"https://image.dayi.org.cn/public/uploads/20180622/3773f43581c1ad42eee28b9647461ce9.jpg?x-oss-process=image/resize,w_150"
"https://image.dayi.org.cn/img/20251205/2af5f6a301d24722b7a206b4020df72d.jpg?x-oss-process=image/resize,w_150"
"https://image.dayi.org.cn/img/20251031/423fe4b0c1ba402c9510357a57a8610e.jpg?x-oss-process=image/resize,w_150"
"https://image.dayi.org.cn/public/uploads/20180615/4e5efcf24d932c0227fbc0d701637dd5.jpg?x-oss-process=image/resize,w_150"
"https://image.dayi.org.cn/public/uploads/20180625/484501871493fa574cd6aa4b1163a7a3.jpg?x-oss-process=image/resize,w_150"
"https://image.dayi.org.cn/public/uploads/20180627/059c0426f02279c1db6a8602ffef46e6.jpg?x-oss-process=image/resize,w_150"
"https://image.dayi.org.cn/public/uploads/20200317/4e3d07ea2eb7f14072012b97cb5db79d.png?x-oss-process=image/resize,w_150"
"https://image.dayi.org.cn/public/uploads/20180613/3ef6b60712327544468f072919264be4.jpg?x-oss-process=image/resize,w_150"
"https://image.dayi.org.cn/public/uploads/20180615/a5a3f89c2a03ec2b7f9226340b53e1f8.jpg?x-oss-process=image/resize,w_150"
"https://image.dayi.org.cn/img/20220120/YaR7GK7fhS.jpeg?x-oss-process=image/resize,w_150"
"https://image.dayi.org.cn/img/20251118/93b6e774f6b74b07a33345e1333da5f1.jpg?x-oss-process=image/resize,w_150"
"https://image.dayi.org.cn/img/20250711/f608bcda503b48efa39602a5469c2a6d.jpg?x-oss-process=image/resize,w_150"
https://www.dayi.org.cn/_nuxt/img/public.37e547c.jpg
"https://image.dayi.org.cn/img/20250515/42505cfefd3b4338b96f9d20f3dd42d7.jpg?x-oss-process=image/resize,w_150"
"https://image.dayi.org.cn/public/uploads/20180627/8842c5da6a39a1e6a3b7b757973b7e67.jpg?x-oss-process=image/resize,w_150"
"https://image.dayi.org.cn/img/20230706/3e67ac7706c84a55a03adb5018c33a4d.png?x-oss-process=image/resize,w_150"
"https://image.dayi.org.cn/img/20250825/cbb1648839dd49dd8a302dd423379809.jpg?x-oss-process=image/resize,w_150"
"https://image.dayi.org.cn/img/20250826/9d1de54a17c34352845c2b734d0c14af.jpg?x-oss-process=image/resize,w_150"
"https://image.dayi.org.cn/public/uploads/20180621/fe220fd684ecfd608fc4ee7d7208cc29.jpg?x-oss-process=image/resize,w_150"
"https://image.dayi.org.cn/public/uploads/20180621/5d8ec21481ec9860cee483a5c2e4b09b.jpg?x-oss-process=image/resize,w_150"
"https://image.dayi.org.cn/public/uploads/20200316/a4dcabbdcbbbad813a6d398d0ecb1ebd.png?x-oss-process=image/resize,w_150"
"https://image.dayi.org.cn/public/uploads/20180620/eed950e71cce49fe398e3fb9758e3164.jpg?x-oss-process=image/resize,w_150"
"https://image.dayi.org.cn/public/uploads/20180620/2c17c6654412d0c7bab0d3831fe56a33.jpg?x-oss-process=image/resize,w_150"
https://www.dayi.org.cn/_nuxt/img/public.37e547c.jpg
"https://image.dayi.org.cn/public/uploads/20180626/9b31957091d29e2d2b6ddfb9e4b1ca3b.jpg?x-oss-process=image/resize,w_150"
"https://image.dayi.org.cn/public/uploads/20180627/8b1906b0f29972c85aac3ca12fc44703.jpg?x-oss-process=image/resize,w_150"
"https://image.dayi.org.cn/public/uploads/20180614/6ec0a1a61de52e7117c0634dd9c3607c.jpg?x-oss-process=image/resize,w_150"
https://www.dayi.org.cn/_nuxt/img/public.37e547c.jpg
"https://image.dayi.org.cn/public/uploads/20180620/ebd22b9f17f94a209eae617556570565.jpg?x-oss-process=image/resize,w_150"
"https://image.dayi.org.cn/img/20250826/7b0bbec47c16426e8037aead188b22f4.jpg?x-oss-process=image/resize,w_150"
"https://image.dayi.org.cn/img/20250725/30f9e701e18c4429a038aa1d2b8cbb93.jpg?x-oss-process=image/resize,w_150"
"https://image.dayi.org.cn/img/20240517/1c9177d145384def8d88de5fe1b31689.jpeg?x-oss-process=image/resize,w_150"
"https://image.dayi.org.cn/public/uploads/20180615/761679fc804e526df7c3727f53dfc45d.jpg?x-oss-process=image/resize,w_150"
"https://image.dayi.org.cn/img/20220120/bYDZX2XWGE.jpeg?x-oss-process=image/resize,w_150"
"https://image.dayi.org.cn/img/20230706/ac78e02d87f14b449ccbf9656141a40a.jpeg?x-oss-process=image/resize,w_150"
"https://image.dayi.org.cn/public/uploads/20180621/283f7ac059ff796778387b858d4f8d6d.jpg?x-oss-process=image/resize,w_150"
"https://image.dayi.org.cn/public/uploads/20180622/e593056968f4844aab3dedc28390d67b.jpg?x-oss-process=image/resize,w_150"
"https://image.dayi.org.cn/img/20251011/5f57faf59608466a9edc2fd2207ba8a5.jpg?x-oss-process=image/resize,w_150"
"https://image.dayi.org.cn/img/20251110/be4522089969480686ddf3dba229e6d5.jpg?x-oss-process=image/resize,w_150"
https://www.dayi.org.cn/_nuxt/img/public.37e547c.jpg
"https://image.dayi.org.cn/public/uploads/20200317/301ad2095f9c746ca4b859ddf21defb4.png?x-oss-process=image/resize,w_150"
"https://image.dayi.org.cn/img/20250421/41ad8505b5c24b3eaea932da68389b2b.png?x-oss-process=image/resize,w_150"
"https://image.dayi.org.cn/img/20250826/20aa37f646e64a3590ba763b49c85e39.jpg?x-oss-process=image/resize,w_150"
"https://image.dayi.org.cn/img/20250825/2cd1ab6f04a84e38acb0d26e9a877df4.jpg?x-oss-process=image/resize,w_150"
"https://image.dayi.org.cn/public/uploads/20180628/c5be1bac60ef6bbaaaeb4c64899b0edb.jpg?x-oss-process=image/resize,w_150"
"https://image.dayi.org.cn/img/20250711/103788d5be2f4c68a789da21952c48e8.jpg?x-oss-process=image/resize,w_150"
"https://image.dayi.org.cn/public/uploads/20180619/f390baaf5ffb7d1b5f45701b74532be4.jpg?x-oss-process=image/resize,w_150"
"https://image.dayi.org.cn/public/uploads/20180625/00b75519dc4c1013b41d35d2a6dad0b7.jpg?x-oss-process=image/resize,w_150"
"https://image.dayi.org.cn/img/20250826/4458613180674787b6e923f41424f9fc.jpg?x-oss-process=image/resize,w_150"
"https://image.dayi.org.cn/public/uploads/20180614/de365b1d94dd6fbfb863bd307e52d80c.jpg?x-oss-process=image/resize,w_150"
"https://image.dayi.org.cn/img/20250711/63d0dc97b05744ae947eb5b55758df4a.jpg?x-oss-process=image/resize,w_150"
"https://image.dayi.org.cn/img/20251226/b33265c008b74f52aee9f72a1024caf4.png?x-oss-process=image/resize,w_150"
"https://image.dayi.org.cn/public/uploads/20180626/6189156c2502aee5ec4b7552f9af64ee.jpg?x-oss-process=image/resize,w_150"
"https://image.dayi.org.cn/public/uploads/20180622/57013e77299f381c6cb40c9e16f009d0.jpg?x-oss-process=image/resize,w_150"
"https://image.dayi.org.cn/public/uploads/20180620/45e62f25d1d54f36ad0b177ae75d5554.jpg?x-oss-process=image/resize,w_150"
"https://image.dayi.org.cn/public/uploads/20180614/5227d18acf63551255bec6ff70eabfee.jpg?x-oss-process=image/resize,w_150"
"https://image.dayi.org.cn/img/20220120/4dQR2ha7QS.jpg?x-oss-process=image/resize,w_150"
"https://image.dayi.org.cn/img/20250826/2e96908070ca45cea4d6aa7057e81367.jpg?x-oss-process=image/resize,w_150"
"https://image.dayi.org.cn/public/uploads/20180626/50d9db580c3ab88462582d2bc1f24281.jpg?x-oss-process=image/resize,w_150"
"https://image.dayi.org.cn/img/20250826/65a4d8cd79904daaaa8fc5d9c421efe4.jpg?x-oss-process=image/resize,w_150"
"https://image.dayi.org.cn/img/20251112/163ecab042c4496dbf5e81f162cb83c5.jpg?x-oss-process=image/resize,w_150"
"https://image.dayi.org.cn/img/20250723/e86ca4f61c88418fa51b20c94e98d040.jpg?x-oss-process=image/resize,w_150"
"https://image.dayi.org.cn/public/uploads/20180619/ad2295b573e339f33f25fc8f2366d53c.jpg?x-oss-process=image/resize,w_150"
"https://image.dayi.org.cn/img/20250826/9b044e458ae74d9ab737c9e63e2e0ee4.jpg?x-oss-process=image/resize,w_150"
"https://image.dayi.org.cn/img/20251021/2a5da15b34ea45ba9509d1163c697541.jpg?x-oss-process=image/resize,w_150"
"https://image.dayi.org.cn/img/20220120/GdDkzRTPwy.jpeg?x-oss-process=image/resize,w_150"
https://www.dayi.org.cn/_nuxt/img/public.37e547c.jpg
"https://image.dayi.org.cn/img/20240513/57814aef60a94432a135c1fa2aabce2a.jpeg?x-oss-process=image/resize,w_150"
"https://image.dayi.org.cn/public/uploads/20180621/7ff3ddf7a98479852b58abb5914f2409.jpg?x-oss-process=image/resize,w_150"
"https://image.dayi.org.cn/img/20250826/c5ae2571a894433b84ed1b981e9eee67.jpg?x-oss-process=image/resize,w_150"
"https://image.dayi.org.cn/public/uploads/20180621/73b70f18f9a4f343757d3ce78e4eccfb.jpg?x-oss-process=image/resize,w_150"
"https://image.dayi.org.cn/public/uploads/20180621/98d820f5a8ac14f4820aa1bf80224df6.jpg?x-oss-process=image/resize,w_150"
"https://image.dayi.org.cn/public/uploads/20180620/51c91a10371b29d37de3b0899d218a2c.jpg?x-oss-process=image/resize,w_150"
"https://image.dayi.org.cn/img/20230706/4d0198eca9c64368b53b6e6c29a5319f.jpg?x-oss-process=image/resize,w_150"
"https://image.dayi.org.cn/img/20250520/649bcb7cd24649d7abcd89cdf088400a.jpg?x-oss-process=image/resize,w_150"
"https://image.dayi.org.cn/img/20250924/d303644d7f9344b9a6816080769848d3.jpg?x-oss-process=image/resize,w_150"
"https://image.dayi.org.cn/img/20250519/932e27bee7b141118f299a6a785f8ef5.jpg?x-oss-process=image/resize,w_150"
"https://image.dayi.org.cn/public/uploads/20180625/313e19c7ff8daadf71b568fae3307d05.jpg?x-oss-process=image/resize,w_150"
"https://image.dayi.org.cn/img/20250620/2c9dc3a97c0e428c8290360fe842aca2.jpg?x-oss-process=image/resize,w_150"
"https://image.dayi.org.cn/img/20250619/8508e340882449a396d1cad1f732b912.jpg?x-oss-process=image/resize,w_150"
https://www.dayi.org.cn/_nuxt/img/public.37e547c.jpg
"https://image.dayi.org.cn/public/uploads/20180621/f3cb1cc71aef475795e7ebe60b71965d.jpg?x-oss-process=image/resize,w_150"
"https://image.dayi.org.cn/img/20250630/2a22a66188b9423992e6b9f91eb94ddf.jpg?x-oss-process=image/resize,w_150"
"https://image.dayi.org.cn/public/uploads/20180621/10b336c8dd0b0dc9763f9a1e653eece9.jpg?x-oss-process=image/resize,w_150"
"https://image.dayi.org.cn/public/uploads/20180620/8e6b0fa888ad68886d1d7442020c1068.jpg?x-oss-process=image/resize,w_150"
"https://image.dayi.org.cn/img/20250718/7597e0c759bf47d4ba1368d57ebb0a50.jpg?x-oss-process=image/resize,w_150"
"https://image.dayi.org.cn/public/uploads/20180620/d2479860ce1a53a2e630b9fb0ca2c8f2.jpg?x-oss-process=image/resize,w_150"
"https://image.dayi.org.cn/img/20250826/b66e92036139477d86512ce21846eafd.jpg?x-oss-process=image/resize,w_150"
"https://image.dayi.org.cn/img/20250826/f3fa41bb3688429ba50b89c0baecf3c2.jpg?x-oss-process=image/resize,w_150"
"https://image.dayi.org.cn/img/20250702/3b7ec4036ba54351bf4d365dfee34ca2.jpg?x-oss-process=image/resize,w_150"
"https://image.dayi.org.cn/public/uploads/20180620/9add8b0a3e12f4f8ffaeb044a8cbc21a.jpg?x-oss-process=image/resize,w_150"
"https://image.dayi.org.cn/public/uploads/20180620/b73a0a682fbddfcee2ed49167f069ee8.jpg?x-oss-process=image/resize,w_150"
"https://image.dayi.org.cn/img/20240510/5bf6e54102a942a1bf3de6366013a8a6.jpeg?x-oss-process=image/resize,w_150"
"https://image.dayi.org.cn/img/20250508/549f2660eece41e9862b294cec18d12f.jpg?x-oss-process=image/resize,w_150"
"https://image.dayi.org.cn/public/uploads/20180622/3a86aad43d9ced886065e37a0f968bba.jpg?x-oss-process=image/resize,w_150"
"https://image.dayi.org.cn/img/20251207/045f6e8e6c764d3e9ad77a13446518c2.png?x-oss-process=image/resize,w_150"
"https://image.dayi.org.cn/public/uploads/20180628/7ce3422122ba46049d3bb049eed6bf90.png?x-oss-process=image/resize,w_150"
https://www.dayi.org.cn/_nuxt/img/public.37e547c.jpg
"https://image.dayi.org.cn/img/20250520/76b974dc4735451e9793952f121fea4c.jpg?x-oss-process=image/resize,w_150"
"https://image.dayi.org.cn/img/20250519/de19164e7b24494d8bc748b1c6c89e19.jpg?x-oss-process=image/resize,w_150"
"https://image.dayi.org.cn/img/20251114/10f306f736e04e52aa4523430d77d6e6.png?x-oss-process=image/resize,w_150"
"https://image.dayi.org.cn/public/uploads/20180627/1d218e918967532a519cd07ce966b6e7.jpg?x-oss-process=image/resize,w_150"
"https://image.dayi.org.cn/public/uploads/20200317/cfa5f0bd175adca43aa110764787d461.png?x-oss-process=image/resize,w_150"
"https://image.dayi.org.cn/img/20250516/d1915e3f35ed4eceb76675444d94d07d.jpg?x-oss-process=image/resize,w_150"
"https://image.dayi.org.cn/img/20250825/27e9031725d54e3ea3aa6953125bf881.jpg?x-oss-process=image/resize,w_150"
"https://image.dayi.org.cn/public/uploads/20200316/6d4b651d99821873331f095c5fae85d7.png?x-oss-process=image/resize,w_150"
"https://image.dayi.org.cn/public/uploads/20180615/9b6d06a039c741a6730f3861a920d2cd.jpg?x-oss-process=image/resize,w_150"
"https://image.dayi.org.cn/img/20250826/e3f7593beb4d4bfa8838f3c79fbd3bf8.jpg?x-oss-process=image/resize,w_150"
"https://image.dayi.org.cn/img/20251216/fd74eccf4f014040898ab8058547f6c0.jpg?x-oss-process=image/resize,w_150"
"https://image.dayi.org.cn/img/20220120/CPbs688bzK.jpeg?x-oss-process=image/resize,w_150"
"https://image.dayi.org.cn/img/20251114/e7ce4b5e5ea348f499e8c0c58bc2c27a.jpg?x-oss-process=image/resize,w_150"
"https://image.dayi.org.cn/img/20220120/jXSSsPEb4d.jpeg?x-oss-process=image/resize,w_150"
"https://image.dayi.org.cn/public/uploads/20180625/68803a03c2db5f89078cce40bbb9b0b9.jpg?x-oss-process=image/resize,w_150"
"https://image.dayi.org.cn/img/20250825/09830cb8065a4bf7847b0f8a42d1e264.jpg?x-oss-process=image/resize,w_150"
"https://image.dayi.org.cn/img/20250826/a1632910852a4a29a9c417de77f20d91.jpg?x-oss-process=image/resize,w_150"
"https://image.dayi.org.cn/img/20220120/cQ6ifjPRaZ.jpeg?x-oss-process=image/resize,w_150"
"https://image.dayi.org.cn/img/20250825/6982e2fd4c9c4c5fb7eb9b5c4ebbedc1.jpg?x-oss-process=image/resize,w_150"
"https://image.dayi.org.cn/public/uploads/20191126/9e4c703768d3d9885a12ec9fbf41a8dc.png?x-oss-process=image/resize,w_150"
https://www.dayi.org.cn/_nuxt/img/public.37e547c.jpg
"https://image.dayi.org.cn/img/20251021/576981bfb89547e1936323b7b3534766.jpg?x-oss-process=image/resize,w_150"
"https://image.dayi.org.cn/img/20230706/7ac7e495b7bc434b85660edcb716bb04.jpg?x-oss-process=image/resize,w_150"
"https://image.dayi.org.cn/img/20250825/13d3faf2e04f42a69eba20c50fa9e640.jpg?x-oss-process=image/resize,w_150"
"https://image.dayi.org.cn/img/20250702/24fd1262b49b48d08dccf776cbe2f444.jpg?x-oss-process=image/resize,w_150"
"https://image.dayi.org.cn/public/uploads/20180627/f005045c8aa60368b062e1ba3f48afab.jpg?x-oss-process=image/resize,w_150"
"https://image.dayi.org.cn/img/20251125/c3df72baf2dd495eb25a89eba65c16a6.jpg?x-oss-process=image/resize,w_150"
"https://image.dayi.org.cn/img/20220124/YCkT5WhYFW.jpeg?x-oss-process=image/resize,w_150"
"https://image.dayi.org.cn/img/20250825/ae9f8a5d6e85481088dd82b6f27904a8.jpg?x-oss-process=image/resize,w_150"
"https://image.dayi.org.cn/img/20250825/78cc7b4ae39c4b93a79fa5b0fe22011a.jpg?x-oss-process=image/resize,w_150"
https://www.dayi.org.cn/_nuxt/img/public.37e547c.jpg
"https://image.dayi.org.cn/public/uploads/20180621/e417bc8173beccb4c6d24046049d408a.jpg?x-oss-process=image/resize,w_150"
"https://image.dayi.org.cn/public/uploads/20180615/cc4d4e38cab27b3233a54f8e6600b71a.jpg?x-oss-process=image/resize,w_150"
"https://image.dayi.org.cn/img/20250717/19df9025a548463783eb9818ba3b034a.jpg?x-oss-process=image/resize,w_150"
"https://image.dayi.org.cn/img/20250520/6e81c6ffb7e64c53a6999292db23bb86.jpg?x-oss-process=image/resize,w_150"
"https://image.dayi.org.cn/img/20250709/217d3cd391e74355bc79e4a3ab2f162b.jpg?x-oss-process=image/resize,w_150"
"https://image.dayi.org.cn/img/20260126/5679156fe07f43c69fbf5f86d30be859.png?x-oss-process=image/resize,w_150"
"https://image.dayi.org.cn/public/uploads/20180615/1105cfd771ece2e3440f2fb8a4384ff1.jpg?x-oss-process=image/resize,w_150"
"https://image.dayi.org.cn/img/20250515/fe0114f77df94463ba460d401ee179e8.jpg?x-oss-process=image/resize,w_150"
"https://image.dayi.org.cn/public/uploads/20180627/8b58563cfaa6310692c634b0ab72d5dc.jpg?x-oss-process=image/resize,w_150"
"https://image.dayi.org.cn/public/uploads/20180627/402f95255ea15046fc3834e6b109ed6c.jpg?x-oss-process=image/resize,w_150"
"https://image.dayi.org.cn/img/20250506/b9187160ff9c410184f5b3d1512e7c47.jpg?x-oss-process=image/resize,w_150"
"https://image.dayi.org.cn/public/uploads/20180628/b49789d15f940df315df8c0d8651ce4b.jpg?x-oss-process=image/resize,w_150"
"https://image.dayi.org.cn/public/uploads/20200317/fc7cd173e0df46b62def9e62e6667a6b.png?x-oss-process=image/resize,w_150"
"https://image.dayi.org.cn/public/uploads/20180503/6cfde5bc521a7c4ba0a3fba32258c586.jpg?x-oss-process=image/resize,w_150"
"https://image.dayi.org.cn/img/20250825/9ab171d7c3dd41cca3c2763c6b3a5817.jpg?x-oss-process=image/resize,w_150"
"https://image.dayi.org.cn/img/20250826/fb463ba0d28f4ffb9e4f690964c7bb24.jpg?x-oss-process=image/resize,w_150"
"https://image.dayi.org.cn/img/20250826/ae5d27420ba34bd0b58ef5fe6fa39ecf.jpg?x-oss-process=image/resize,w_150"
"https://image.dayi.org.cn/public/uploads/20200317/b97098b04787489ffd468926913e15c7.png?x-oss-process=image/resize,w_150"
"https://image.dayi.org.cn/img/20250604/f9627791ec244146934e414572de5956.jpg?x-oss-process=image/resize,w_150"
https://www.dayi.org.cn/_nuxt/img/public.37e547c.jpg
"https://image.dayi.org.cn/public/uploads/20180627/d60c501e940064cb412a3dec9c47a28a.jpg?x-oss-process=image/resize,w_150"
"https://image.dayi.org.cn/public/uploads/20180615/50b7aaf39af3e087181bf9b2bade6d1e.jpg?x-oss-process=image/resize,w_150"
"https://image.dayi.org.cn/img/20250825/f8fcf1602c79407396d5705de61221d7.jpg?x-oss-process=image/resize,w_150"
"https://image.dayi.org.cn/img/20220120/zRDHNdb6XK.jpeg?x-oss-process=image/resize,w_150"
"https://image.dayi.org.cn/public/uploads/20180627/eefe380570aac04b70792b06ae951e00.jpg?x-oss-process=image/resize,w_150"
"https://image.dayi.org.cn/public/uploads/20180613/2dcb343f5f79dc7f54eff255aed8a255.jpg?x-oss-process=image/resize,w_150"
"https://image.dayi.org.cn/img/20231027/2a96596db6ce4690be5337a056f5a7e5.png?x-oss-process=image/resize,w_150"
"https://image.dayi.org.cn/img/20200619/McFeBbFRw7.jpg?x-oss-process=image/resize,w_150"
"https://image.dayi.org.cn/public/uploads/20180626/96891b5b992c3e5f406c3826bcefcd17.jpg?x-oss-process=image/resize,w_150"
"https://image.dayi.org.cn/public/uploads/20180625/db1f532bde61e566f7397e240509f248.jpg?x-oss-process=image/resize,w_150"
https://www.dayi.org.cn/_nuxt/img/public.37e547c.jpg
"https://image.dayi.org.cn/img/20250826/2a1d96914e1a49bbaa8bddfd80aee2c2.jpg?x-oss-process=image/resize,w_150"
"https://image.dayi.org.cn/img/20250523/a2bcc651b761442a9bfbb37b0b5c4db4.jpg?x-oss-process=image/resize,w_150"
"https://image.dayi.org.cn/img/20251010/2416297ca0f7465a9640aa720b57cc63.jpg?x-oss-process=image/resize,w_150"
"https://image.dayi.org.cn/img/20250702/11553ae94a42444d823a469e2de17704.jpg?x-oss-process=image/resize,w_150"
"https://image.dayi.org.cn/public/uploads/20180621/9dba68026c3aaba642abdc338714b832.jpg?x-oss-process=image/resize,w_150"
"https://image.dayi.org.cn/public/uploads/20200316/55aca449e6f9401e839bf0f6a846b45e.png?x-oss-process=image/resize,w_150"
"https://image.dayi.org.cn/public/uploads/20200317/0ab4e51d5c5f03739444ba07fa184e5c.png?x-oss-process=image/resize,w_150"
"https://image.dayi.org.cn/public/uploads/20180628/fba48937b8cee51e7478ec57ffaa4ea5.jpg?x-oss-process=image/resize,w_150"
"https://image.dayi.org.cn/img/20250702/8e964f9ed6aa4625aa128632da3c8ad7.jpg?x-oss-process=image/resize,w_150"
"https://image.dayi.org.cn/img/20250711/8cf068dc6c344e94a09216d4d47fcb58.jpg?x-oss-process=image/resize,w_150"
"https://image.dayi.org.cn/img/20250826/8799bb6901434d5793765ece0af7b395.jpg?x-oss-process=image/resize,w_150"
"https://image.dayi.org.cn/public/uploads/20180306/28c7aee5394dfd1148b0eaeccc301d04.jpg?x-oss-process=image/resize,w_150"
"https://image.dayi.org.cn/public/uploads/20180622/0228fce2f9d339585b35ab2e9d52c6ca.jpg?x-oss-process=image/resize,w_150"
"https://image.dayi.org.cn/img/20250702/f492dbb0f430492f913cd5b320c411f6.jpg?x-oss-process=image/resize,w_150"
https://www.dayi.org.cn/_nuxt/img/public.37e547c.jpg
"https://image.dayi.org.cn/public/uploads/20180625/090c042fdaaccf126ee19a0950176476.jpg?x-oss-process=image/resize,w_150"
"https://image.dayi.org.cn/img/20250826/81e35e4b3bac41c6a0657268109d6cef.jpg?x-oss-process=image/resize,w_150"
"https://image.dayi.org.cn/img/20250826/9eecf7127fd54867bb46f5b0754a0851.jpg?x-oss-process=image/resize,w_150"
"https://image.dayi.org.cn/public/uploads/20180622/decdbb77d17134e940dd25e85f14e2d5.jpg?x-oss-process=image/resize,w_150"
"https://image.dayi.org.cn/img/20250530/90bc5eae75274cc6ad8d989fa16144ac.jpg?x-oss-process=image/resize,w_150"
"https://image.dayi.org.cn/public/uploads/20180613/81060eb2bc0f8fae492ef1591697fd5e.jpg?x-oss-process=image/resize,w_150"
"https://image.dayi.org.cn/public/uploads/20180625/f37777ab1f81886fa69ca86ee31fd3ce.jpg?x-oss-process=image/resize,w_150"
"https://image.dayi.org.cn/img/20250723/13119db40f9c40d6a13b97b5f28a02e1.jpg?x-oss-process=image/resize,w_150"
"https://image.dayi.org.cn/public/uploads/20180615/baeb68dd9bb2e46c088b684a6dd7ab8b.jpg?x-oss-process=image/resize,w_150"
"https://image.dayi.org.cn/img/20250826/83eaebe5186f4dd4bf5c83f6a73063cc.jpg?x-oss-process=image/resize,w_150"
"https://image.dayi.org.cn/img/20251124/20c65fef81bb471d95c15319ff55d3f3.jpg?x-oss-process=image/resize,w_150"
https://www.dayi.org.cn/_nuxt/img/public.37e547c.jpg
"https://image.dayi.org.cn/img/20250702/1c053384360f47ea9efbdf66c7dfd026.jpg?x-oss-process=image/resize,w_150"
"https://image.dayi.org.cn/img/20240510/ca1d00ee90784b768e2adc4d3f7c3b6e.jpeg?x-oss-process=image/resize,w_150"
"https://image.dayi.org.cn/public/uploads/20180613/b89fe713cff8666a0e3f5f4bf56abf87.jpg?x-oss-process=image/resize,w_150"
"https://image.dayi.org.cn/img/20251118/039b7ba5f1d0451a8805cde9f922edf9.jpeg?x-oss-process=image/resize,w_150"
"https://image.dayi.org.cn/img/20250515/003e3132d1ef478b8a6c918eb4117722.jpg?x-oss-process=image/resize,w_150"
"https://image.dayi.org.cn/img/20250702/10dfc7238c57447d980b914c5ab3831a.jpg?x-oss-process=image/resize,w_150"
"https://image.dayi.org.cn/img/20220120/A7pCZTP3SH.jpeg?x-oss-process=image/resize,w_150"
"https://image.dayi.org.cn/public/uploads/20180627/73db6cc5355216cb96b5c80beeaba71a.jpg?x-oss-process=image/resize,w_150"
"https://image.dayi.org.cn/public/uploads/20180613/103b432f555530af4048f0bc6d6d6e99.jpg?x-oss-process=image/resize,w_150"
"https://image.dayi.org.cn/img/20240514/d34cf0ce7c4349e38781430b911ee771.jpg?x-oss-process=image/resize,w_150"
"https://image.dayi.org.cn/public/uploads/20180614/f33b27bb2b3e03126f2bcf0faaac088e.jpg?x-oss-process=image/resize,w_150"
"https://image.dayi.org.cn/img/20250709/7a4bd69d8d83410b804ac27a594faf77.jpg?x-oss-process=image/resize,w_150"
"https://image.dayi.org.cn/img/20250825/6a139d353bae4b7397dcb8d8d75e0a24.jpg?x-oss-process=image/resize,w_150"
"https://image.dayi.org.cn/img/20200624/jGjjf3mfAr.png?x-oss-process=image/resize,w_150"
"https://image.dayi.org.cn/public/uploads/20180626/964e0f598a28068ffb9aafa1be09e2ec.jpg?x-oss-process=image/resize,w_150"
https://www.dayi.org.cn/_nuxt/img/public.37e547c.jpg
"https://image.dayi.org.cn/public/uploads/20180613/edf8ed7ce59450e5b19611c2fb373744.jpg?x-oss-process=image/resize,w_150"
"https://image.dayi.org.cn/public/uploads/20200316/ee37c48dd862d8f17cdf255dfb0c8590.png?x-oss-process=image/resize,w_150"
"https://image.dayi.org.cn/public/uploads/20180622/e61b5804a641d57f8a816c6622a2011b.jpg?x-oss-process=image/resize,w_150"
"https://image.dayi.org.cn/img/20251230/fe80725d011e4ef7b932f7d90f30e4fe.png?x-oss-process=image/resize,w_150"
"https://image.dayi.org.cn/img/20251111/2e779f8392e942a28e500a532320a2bc.jpg?x-oss-process=image/resize,w_150"
"https://image.dayi.org.cn/img/20240510/e8d252c4a3a54d0cbf2127609873572b.jpeg?x-oss-process=image/resize,w_150"
"https://image.dayi.org.cn/img/20250825/7c7911ebf928415da5abec8d6ba9fcdd.jpg?x-oss-process=image/resize,w_150"
"https://image.dayi.org.cn/public/uploads/20180626/d593e6521fbd2cb55dc899b0dd9e0f92.jpg?x-oss-process=image/resize,w_150"
"https://image.dayi.org.cn/img/20250530/d45ff4f01c394728a3c04e26de288ca3.jpg?x-oss-process=image/resize,w_150"
"https://image.dayi.org.cn/img/20250826/6a0d0dfa06064437887a5a05a3cdbdb2.jpg?x-oss-process=image/resize,w_150"
"https://image.dayi.org.cn/public/uploads/20180622/6748d87a072d4e3ef887360046587882.jpg?x-oss-process=image/resize,w_150"
"https://image.dayi.org.cn/img/20250825/e90a8c64b2a646b3b25fe172d8a3fe54.jpg?x-oss-process=image/resize,w_150"
"https://image.dayi.org.cn/public/uploads/20180613/f22a1cd9af57f49d16fc40ef5327711a.jpg?x-oss-process=image/resize,w_150"
"https://image.dayi.org.cn/img/20240514/c5d387f0184b47ae9de85f55bd66deb7.jpeg?x-oss-process=image/resize,w_150"
"https://image.dayi.org.cn/public/uploads/20180622/6a3497ec63d46f32a444ee971b81df8c.jpg?x-oss-process=image/resize,w_150"
"https://image.dayi.org.cn/public/uploads/20180625/51c0bb0a310aacb82e6616ffe4f751ca.jpg?x-oss-process=image/resize,w_150"
"https://image.dayi.org.cn/img/20220120/z7sHZ8XP3h.jpeg?x-oss-process=image/resize,w_150"
"https://image.dayi.org.cn/public/uploads/20180626/76152aa77fe220e8d663a16b7f64cf6e.jpg?x-oss-process=image/resize,w_150"
"https://image.dayi.org.cn/img/20251226/15a6eea273f3417c8204e9e91dd2e73c.jpeg?x-oss-process=image/resize,w_150"
"https://image.dayi.org.cn/img/20250825/e06d6ad062a94e05acb13308952f2631.jpg?x-oss-process=image/resize,w_150"
"https://image.dayi.org.cn/img/20250825/c188ffb614444f38929eb64e61e71233.jpg?x-oss-process=image/resize,w_150"
"https://image.dayi.org.cn/public/uploads/20180614/f7dfe3df31cb8f1fee6e58f2c3fbb312.jpg?x-oss-process=image/resize,w_150"
"https://image.dayi.org.cn/img/20250826/8a4f0dd92b0548669c3ab25f23ff17c0.jpg?x-oss-process=image/resize,w_150"
"https://image.dayi.org.cn/img/20240514/fc8a88a5627f48dc89fca7683c2d68da.jpg?x-oss-process=image/resize,w_150"
"https://image.dayi.org.cn/img/20250826/f5c0a85dc97b4c96b781b8dbb7421075.jpg?x-oss-process=image/resize,w_150"
"https://image.dayi.org.cn/img/20240516/582fc59ea7614381a4cb43041dfeacfe.jpg?x-oss-process=image/resize,w_150"
"https://image.dayi.org.cn/public/uploads/20180615/76b5801d81a3d58dd238e0fe711f4bb2.jpg?x-oss-process=image/resize,w_150"
"https://image.dayi.org.cn/public/uploads/20180305/82644f8ba0f39ba84f7e0dbc31a0a2c9.jpg?x-oss-process=image/resize,w_150"
"https://image.dayi.org.cn/public/uploads/20180627/c0a15d1e6cd9aa63a685bff7af10d866.jpg?x-oss-process=image/resize,w_150"
"https://image.dayi.org.cn/public/uploads/20180615/923653677c643441efb2e20b20c1e84f.jpg?x-oss-process=image/resize,w_150"
"https://image.dayi.org.cn/public/uploads/20180613/9a95d94d2111e8fd6c3d27c45ccf2108.jpg?x-oss-process=image/resize,w_150"
"https://image.dayi.org.cn/img/20250825/d1df445c768e4858bcc2bf5f8233f3c6.jpg?x-oss-process=image/resize,w_150"
"https://image.dayi.org.cn/public/uploads/20180626/be522c9b2085073640a6927a00903393.jpg?x-oss-process=image/resize,w_150"
"https://image.dayi.org.cn/public/uploads/20180620/f08c24d5ec6e17d2e4f0e30d15471e7b.jpg?x-oss-process=image/resize,w_150"
"https://image.dayi.org.cn/img/20250530/e90f540d0b8248a99fb6916a0a98151b.jpg?x-oss-process=image/resize,w_150"
"https://image.dayi.org.cn/img/20250825/fe4d32ac299a4f66a5d473c261124bc4.jpg?x-oss-process=image/resize,w_150"
https://www.dayi.org.cn/_nuxt/img/public.37e547c.jpg
"https://image.dayi.org.cn/img/20250825/f2a1b80753e545db8ad747abde1b8f28.jpg?x-oss-process=image/resize,w_150"
"https://image.dayi.org.cn/public/uploads/20180615/11c2348b1b957fd1108c47db34aab439.jpg?x-oss-process=image/resize,w_150"
"https://image.dayi.org.cn/img/20251124/37dffade5a2448ff86a52b2237fb2a53.jpg?x-oss-process=image/resize,w_150"
"https://image.dayi.org.cn/img/20251120/75ddf9b0f60745a59fa740fb469f7763.jpg?x-oss-process=image/resize,w_150"
"https://image.dayi.org.cn/img/20250605/d3965fa4d6824c63b726e0b5a94e07a9.jpg?x-oss-process=image/resize,w_150"
"https://image.dayi.org.cn/img/20250826/e37deead351f4b978ba4af0a09fcec72.jpg?x-oss-process=image/resize,w_150"
"https://image.dayi.org.cn/img/20240514/d665036ddc144d1d8add9a231d013402.jpg?x-oss-process=image/resize,w_150"
"https://image.dayi.org.cn/img/20220120/HbniJt6FAr.jpeg?x-oss-process=image/resize,w_150"
"https://image.dayi.org.cn/img/20250702/0c61b87a560242f9ae59e9ebe0e171d5.jpg?x-oss-process=image/resize,w_150"
"https://image.dayi.org.cn/img/20250825/40aa50e1759c4d94a676112fcd4bd581.jpg?x-oss-process=image/resize,w_150"
"https://image.dayi.org.cn/img/20250825/713fe44271984de9a518358ed8822b18.jpg?x-oss-process=image/resize,w_150"
"https://image.dayi.org.cn/public/uploads/20180614/3f9f249f527061f5307708329a5dc2c4.jpg?x-oss-process=image/resize,w_150"
"https://image.dayi.org.cn/img/20250825/4524064afa794c929dce8004254230c1.jpg?x-oss-process=image/resize,w_150"
"https://image.dayi.org.cn/img/20251111/c76ea419d3d84ebc9528f1644209c8bd.png?x-oss-process=image/resize,w_150"
"https://image.dayi.org.cn/img/20251110/c75470cc58b6417596f7dee94fb243ea.jpg?x-oss-process=image/resize,w_150"
"https://image.dayi.org.cn/public/uploads/20180625/fd1c1a20842ad333d51cf6df0b990b8a.jpg?x-oss-process=image/resize,w_150"
"https://image.dayi.org.cn/img/20250702/7230f045d3644a80a6c9fbac264e3c0a.jpg?x-oss-process=image/resize,w_150"
"https://image.dayi.org.cn/public/uploads/20200316/a59502253b7e612a5963af0e21a4c039.png?x-oss-process=image/resize,w_150"
"https://image.dayi.org.cn/public/uploads/20180306/a91ce17aca030a7ffff60df84a9884dc.jpg?x-oss-process=image/resize,w_150"
"https://image.dayi.org.cn/public/uploads/20180613/6e38a1b3af8f6d6b0734e18bb462151a.jpg?x-oss-process=image/resize,w_150"
"https://image.dayi.org.cn/public/uploads/20180305/9273d38efde2bd96e3629972d2e0e2ab.jpg?x-oss-process=image/resize,w_150"
"https://image.dayi.org.cn/public/uploads/20180613/56995682e27b8365b0432d69fd9a0d3d.jpg?x-oss-process=image/resize,w_150"
"https://image.dayi.org.cn/public/uploads/20180614/25c96ee3c30568df96fa5c56ed0bfb8b.jpg?x-oss-process=image/resize,w_150"
"https://image.dayi.org.cn/img/20250825/07151426e57c42a1ae9e692b1f067d39.jpg?x-oss-process=image/resize,w_150"
"https://image.dayi.org.cn/public/uploads/20180613/9458c536f1bd0f5f8e76ba80e46bafa9.jpg?x-oss-process=image/resize,w_150"
"https://image.dayi.org.cn/img/20220124/5CinF3R4eF.jpeg?x-oss-process=image/resize,w_150"
"https://image.dayi.org.cn/img/20220120/7Asmyyiwpf.jpeg?x-oss-process=image/resize,w_150"
"https://image.dayi.org.cn/img/20250826/daa97a6301ba41c4bd5c47630fb17e1f.jpg?x-oss-process=image/resize,w_150"
"https://image.dayi.org.cn/img/20250825/b9c30d92880449f3a5f6ba8cd6847ba6.jpg?x-oss-process=image/resize,w_150"
https://www.dayi.org.cn/_nuxt/img/public.37e547c.jpg
"https://image.dayi.org.cn/img/20220120/SBerJnstzT.jpeg?x-oss-process=image/resize,w_150"
"https://image.dayi.org.cn/public/uploads/20180307/1453eb672a7817a5656fa22373a3f8cb.jpg?x-oss-process=image/resize,w_150"
"https://image.dayi.org.cn/public/uploads/20180621/cd872b3a47ddcbd7205a726af9448c68.jpg?x-oss-process=image/resize,w_150"
"https://image.dayi.org.cn/public/uploads/20180613/06fc7967adf401ee33382bea3d576cb1.jpg?x-oss-process=image/resize,w_150"
"https://image.dayi.org.cn/img/20250826/cbe583149c6e43efa30dab543643dd1c.jpg?x-oss-process=image/resize,w_150"
"https://image.dayi.org.cn/public/uploads/20180621/9055a492ed2c62be1f8cffaed6bcb0f3.jpg?x-oss-process=image/resize,w_150"
"https://image.dayi.org.cn/public/uploads/20180613/615882692d159cbb1aee937727919483.jpg?x-oss-process=image/resize,w_150"
"https://image.dayi.org.cn/public/uploads/20180619/56005dda47336b67fbd6e22fac389fa7.jpg?x-oss-process=image/resize,w_150"
"https://image.dayi.org.cn/img/20220120/fidsfB8a8i.jpeg?x-oss-process=image/resize,w_150"
"https://image.dayi.org.cn/img/20250825/82aa6a3fff0e4e649c29daf6893e87a1.jpg?x-oss-process=image/resize,w_150"
"https://image.dayi.org.cn/img/20240513/2bc7928980b54bb88157c63fee1c97e8.jpeg?x-oss-process=image/resize,w_150"
"https://image.dayi.org.cn/public/uploads/20180613/fe20256c9db768dbfdf6759d2af6e03c.jpg?x-oss-process=image/resize,w_150"
"https://image.dayi.org.cn/img/20251028/cb57dd60c9a9497ebef635248a3b87ba.jpg?x-oss-process=image/resize,w_150"
"https://image.dayi.org.cn/public/uploads/20200316/3f97abbb201e1247e008a4133b1e17a0.png?x-oss-process=image/resize,w_150"
"https://image.dayi.org.cn/img/20250826/9b99668e3abc4b5da2bf4353101a6788.jpg?x-oss-process=image/resize,w_150"
"https://image.dayi.org.cn/img/20220124/XzKbm3t2wD.jpeg?x-oss-process=image/resize,w_150"
"https://image.dayi.org.cn/public/uploads/20180625/955a3d78c26ffe7d2b3e4e59b14d4911.jpg?x-oss-process=image/resize,w_150"
"https://image.dayi.org.cn/img/20220120/iXMktFnAsz.jpeg?x-oss-process=image/resize,w_150"
https://www.dayi.org.cn/_nuxt/img/public.37e547c.jpg
"https://image.dayi.org.cn/public/uploads/20180626/0aec77f0b64b5f8600ab3c7340466cd2.jpg?x-oss-process=image/resize,w_150"
"https://image.dayi.org.cn/img/20250825/abbb73f378c64ad7a096174bb0e54691.jpg?x-oss-process=image/resize,w_150"
"https://image.dayi.org.cn/public/uploads/20180619/76ba08f5f9e3e94bedb5b8d2343d0627.jpg?x-oss-process=image/resize,w_150"
"https://image.dayi.org.cn/public/uploads/20180614/ff9226a481cb86dddaaebd83b419e0ea.jpg?x-oss-process=image/resize,w_150"
"https://image.dayi.org.cn/img/20250523/e3b43af66dde4c27b1fbeddd66bbc590.jpg?x-oss-process=image/resize,w_150"
"https://image.dayi.org.cn/public/uploads/20180613/74ff63a8514af01c323f69ed4dc1a8ef.jpg?x-oss-process=image/resize,w_150"
"https://image.dayi.org.cn/img/20231106/f504907202504eab9c12237a61b3fa51.jpeg?x-oss-process=image/resize,w_150"
"https://image.dayi.org.cn/img/20250826/43d8fb5cedcb46439f9445dff47bf90e.jpg?x-oss-process=image/resize,w_150"
"https://image.dayi.org.cn/public/uploads/20180619/789a3777eced8b466564be8f28436946.jpg?x-oss-process=image/resize,w_150"
"https://image.dayi.org.cn/img/20250826/1cc47fbec4c04adeb2e90a42d98c8e94.jpg?x-oss-process=image/resize,w_150"
"https://image.dayi.org.cn/img/20220120/p7ii5JiMn3.jpeg?x-oss-process=image/resize,w_150"
"https://image.dayi.org.cn/img/20220120/6KF6sFCYAb.jpeg?x-oss-process=image/resize,w_150"
https://www.dayi.org.cn/_nuxt/img/public.37e547c.jpg
"https://image.dayi.org.cn/img/20250825/ee25b8f7c49745149904b554d4b1024e.jpg?x-oss-process=image/resize,w_150"
https://www.dayi.org.cn/_nuxt/img/public.37e547c.jpg
"https://image.dayi.org.cn/public/uploads/20200316/e923919c75b2a2ab5a3b09641a913053.png?x-oss-process=image/resize,w_150"
"https://image.dayi.org.cn/img/20250703/0ad7c723355542709f6e740169267a72.jpg?x-oss-process=image/resize,w_150"
"https://image.dayi.org.cn/public/uploads/20180625/017e30a0da7b8c1064356a1583f0e7c2.jpg?x-oss-process=image/resize,w_150"
"https://image.dayi.org.cn/public/uploads/20180613/610d8a1852f24d7e8c2398ec9f6774eb.jpg?x-oss-process=image/resize,w_150"
"https://image.dayi.org.cn/img/20220120/ZEHYfjWyes.jpeg?x-oss-process=image/resize,w_150"
"https://image.dayi.org.cn/img/20250825/96b688a51e9f4a339d6e030fbb8c0082.jpg?x-oss-process=image/resize,w_150"
"https://image.dayi.org.cn/public/uploads/20180621/8353794a9d3df792d2d1413430b92696.jpg?x-oss-process=image/resize,w_150"
"https://image.dayi.org.cn/public/uploads/20180305/36e836634a67f52fcfd58c10a1ea177c.jpg?x-oss-process=image/resize,w_150"
"https://image.dayi.org.cn/public/uploads/20180615/a2b4ae0fe377a3a795c8dd425efe7e0b.jpg?x-oss-process=image/resize,w_150"
"https://image.dayi.org.cn/img/20250711/c8206c1a399143ff87c9d827819505e0.jpg?x-oss-process=image/resize,w_150"
"https://image.dayi.org.cn/img/20220120/tdWNR7pTny.jpeg?x-oss-process=image/resize,w_150"
"https://image.dayi.org.cn/img/20250825/ff6e88cde27e4c14a9e61731915a8e9c.jpg?x-oss-process=image/resize,w_150"
"https://image.dayi.org.cn/img/20251201/f788975f39d04306ba667f13a7661fc1.jpg?x-oss-process=image/resize,w_150"
"https://image.dayi.org.cn/img/20250603/00457e7b560d430f9d997ca6e2bd88c3.jpg?x-oss-process=image/resize,w_150"
"https://image.dayi.org.cn/public/uploads/20200316/abc8658a14fa987de255843c8c7b19f8.png?x-oss-process=image/resize,w_150"
"https://image.dayi.org.cn/public/uploads/20190719/be334b8bf659791da2799388cc0af9fa.jpg?x-oss-process=image/resize,w_150"
"https://image.dayi.org.cn/img/20250711/86a3c0deb190409c82ab41e693e8eebc.jpg?x-oss-process=image/resize,w_150"
"https://image.dayi.org.cn/img/20251127/270080c639f945c1b22da0eb9291a844.jpeg?x-oss-process=image/resize,w_150"
"https://image.dayi.org.cn/public/uploads/20180305/2e4fe8f88ee4a22d82da96a90062baf1.jpg?x-oss-process=image/resize,w_150"
"https://image.dayi.org.cn/img/20220112/MxC2Dhndi6.jpeg?x-oss-process=image/resize,w_150"
"https://image.dayi.org.cn/public/uploads/20180613/6c8fc6d0068155519bffac4095cf46de.jpg?x-oss-process=image/resize,w_150"
"https://image.dayi.org.cn/public/uploads/20180626/b068ec766da02366abc93ad465b71fe2.jpg?x-oss-process=image/resize,w_150"
"https://image.dayi.org.cn/public/uploads/20180619/6250803b9f72243aa9c8239caa3f6716.jpg?x-oss-process=image/resize,w_150"
"https://image.dayi.org.cn/img/20250701/0da06c8b25fb4c87a34187f6a071420f.jpg?x-oss-process=image/resize,w_150"
"https://image.dayi.org.cn/img/20220124/PQHSMhyM7G.jpeg?x-oss-process=image/resize,w_150"
"https://image.dayi.org.cn/public/uploads/20180615/f50c603d6864b8d6983b67cdd4afe8b5.jpg?x-oss-process=image/resize,w_150"
"https://image.dayi.org.cn/img/20250716/cf56710fd5474622a50ed80f061c771e.jpg?x-oss-process=image/resize,w_150"
"https://image.dayi.org.cn/img/20230706/fd942a8a20f444f399d3b5add1762f7e.jpg?x-oss-process=image/resize,w_150"
"https://image.dayi.org.cn/public/uploads/20180626/11e42e03f782b82c1fe391f77634292c.jpg?x-oss-process=image/resize,w_150"
"https://image.dayi.org.cn/public/uploads/20180620/cee1f3e6be472f1cf0833aebf8347307.jpg?x-oss-process=image/resize,w_150"
"https://image.dayi.org.cn/img/20250825/d23879ac87994423a181a91c7d0c5556.jpg?x-oss-process=image/resize,w_150"
"https://image.dayi.org.cn/img/20250709/6d19a0decfdc414e9c5bb37f625b41a1.jpg?x-oss-process=image/resize,w_150"
"https://image.dayi.org.cn/img/20250825/21caaa859e5347379a336db3a71ed854.jpg?x-oss-process=image/resize,w_150"
"https://image.dayi.org.cn/public/uploads/20180625/bfdd18a6d9ce2c640d1d7740ea4f79d9.jpg?x-oss-process=image/resize,w_150"
"https://image.dayi.org.cn/img/20250722/b4ebfc3dd3984aa3aff046c722638e7f.jpg?x-oss-process=image/resize,w_150"
"https://image.dayi.org.cn/img/20250825/c00d08f61b654a53bc3f705b7304c79f.jpg?x-oss-process=image/resize,w_150"
"https://image.dayi.org.cn/public/uploads/20180626/1d3c616a0cec1438811e6a293139b252.jpg?x-oss-process=image/resize,w_150"
"https://image.dayi.org.cn/img/20240516/cd2a75a415044d1d910196acbec3fe4f.jpg?x-oss-process=image/resize,w_150"
"https://image.dayi.org.cn/img/20250825/0c1f43f16fb540c9be304b87c77c7b2e.jpg?x-oss-process=image/resize,w_150"
"https://image.dayi.org.cn/img/20251113/977a836211e942d8bef8829be70f11d6.jpg?x-oss-process=image/resize,w_150"
"https://image.dayi.org.cn/img/20251205/c8c3727e07ae4d5f9ac8adceadb63184.jpg?x-oss-process=image/resize,w_150"
"https://image.dayi.org.cn/public/uploads/20180626/e8ea1542cf5e6c2ea070e25133db06fb.jpg?x-oss-process=image/resize,w_150"
"https://image.dayi.org.cn/img/20250826/f273a2b662a44f258f632bd8ef618ce1.jpg?x-oss-process=image/resize,w_150"
"https://image.dayi.org.cn/public/uploads/20180615/ba581545dda24d085b5cba93c4002680.jpg?x-oss-process=image/resize,w_150"
"https://image.dayi.org.cn/public/uploads/20180627/3bc68866f649886d81eebc339a02cca1.jpg?x-oss-process=image/resize,w_150"
"https://image.dayi.org.cn/img/20220124/nRkdtbwnck.jpeg?x-oss-process=image/resize,w_150"
"https://image.dayi.org.cn/img/20250826/2a4de4e9d5a64447bd1b11a52fe9637c.jpg?x-oss-process=image/resize,w_150"
"https://image.dayi.org.cn/public/uploads/20191202/e6e3d03d329d30fa875777c5f3bdbc5e.png?x-oss-process=image/resize,w_150"
"https://image.dayi.org.cn/img/20250825/c6510f5b1f1142ae909dc0564d399f3a.jpg?x-oss-process=image/resize,w_150"
"https://image.dayi.org.cn/img/20250522/0d0d72f72a794b3b9f92a5dcd01841eb.jpg?x-oss-process=image/resize,w_150"
"https://image.dayi.org.cn/img/20250709/0815c8be10374130b72b4c7374cc21fa.jpg?x-oss-process=image/resize,w_150"
"https://image.dayi.org.cn/public/uploads/20180613/5a62e0f9f5a25851155aee6bf2f5614f.jpg?x-oss-process=image/resize,w_150"
"https://image.dayi.org.cn/public/uploads/20180613/d27db6fa8cf8bbe004f46bdda6484d01.jpg?x-oss-process=image/resize,w_150"
"https://image.dayi.org.cn/img/20250826/7b330ebeebd74678845fa0609eb8475d.jpg?x-oss-process=image/resize,w_150"
https://www.dayi.org.cn/_nuxt/img/public.37e547c.jpg
"https://image.dayi.org.cn/img/20250826/cbb82bbeccd343cb825ca1bffe66aac2.jpg?x-oss-process=image/resize,w_150"
"https://image.dayi.org.cn/public/uploads/20180625/f157002205d9da812faf5896f2ca70e0.jpg?x-oss-process=image/resize,w_150"
"https://image.dayi.org.cn/public/uploads/20180621/a822dfe79ce1e13bad675704c7ebfa60.jpg?x-oss-process=image/resize,w_150"
"https://image.dayi.org.cn/public/uploads/20180620/df50ee83d4764a5d2a2d9a6a3a045c67.jpg?x-oss-process=image/resize,w_150"
"https://image.dayi.org.cn/img/20250709/e8074e17e57d4bc08cadb6a3b4146b15.jpg?x-oss-process=image/resize,w_150"
"https://image.dayi.org.cn/img/20250723/9f4c8e4967794d019d22670bc8035b80.jpg?x-oss-process=image/resize,w_150"
"https://image.dayi.org.cn/public/uploads/20180622/62e414ee9bfcc63b04f981b40d59750a.jpg?x-oss-process=image/resize,w_150"
"https://image.dayi.org.cn/img/20250702/7be6caac18a448659f632a4ecc662193.jpg?x-oss-process=image/resize,w_150"
"https://image.dayi.org.cn/public/uploads/20180619/90f9c5a681cb0a6f3320ee610d3f4a1f.jpg?x-oss-process=image/resize,w_150"
"https://image.dayi.org.cn/img/20250825/b8a3f439f0ba4ce0adb510d78e87fa54.jpg?x-oss-process=image/resize,w_150"
"https://image.dayi.org.cn/img/20250826/10b078f408dc41448a68109079ffa7fb.jpg?x-oss-process=image/resize,w_150"
"https://image.dayi.org.cn/img/20250826/e0d66e2a3293429dab6931d34088297a.jpg?x-oss-process=image/resize,w_150"
"https://image.dayi.org.cn/public/uploads/20180615/ee13d811caa77827c06a15dfff95c899.jpg?x-oss-process=image/resize,w_150"
"https://image.dayi.org.cn/img/20220120/p8YxKtBpw6.jpeg?x-oss-process=image/resize,w_150"
"https://image.dayi.org.cn/img/20250702/9b118293b87946f9ae21c08f6a6d1b5a.jpg?x-oss-process=image/resize,w_150"
"https://image.dayi.org.cn/img/20250826/8709d645bc7d4d1fa7906ee1698095a7.jpg?x-oss-process=image/resize,w_150"
"https://image.dayi.org.cn/img/20230706/9a8e18b814544172b2e0ce7a92716398.jpg?x-oss-process=image/resize,w_150"
"https://image.dayi.org.cn/public/uploads/20180614/2cb989ee520ad4b067596c66381752db.jpg?x-oss-process=image/resize,w_150"
"https://image.dayi.org.cn/public/uploads/20180625/60eaa51e6c815e4fe78b1aa701bd4f22.jpg?x-oss-process=image/resize,w_150"
"https://image.dayi.org.cn/img/20250825/d42671e72e084d4192d00c873ecb5e00.jpg?x-oss-process=image/resize,w_150"
"https://image.dayi.org.cn/public/uploads/20180620/2e8e01f935149fe80bd50d35b4295739.jpg?x-oss-process=image/resize,w_150"
"https://image.dayi.org.cn/img/20250825/899e5efad07d437c89bd4a334c73c326.jpg?x-oss-process=image/resize,w_150"
"https://image.dayi.org.cn/img/20250530/a8a90360cd264dca95d00eb329d100a9.jpg?x-oss-process=image/resize,w_150"
"https://image.dayi.org.cn/img/20250521/547de5e609ca4214999e119899c04d7f.jpg?x-oss-process=image/resize,w_150"
"https://image.dayi.org.cn/public/uploads/20180625/60c9f4646560900a81df310fb3b5667a.jpg?x-oss-process=image/resize,w_150"
"https://image.dayi.org.cn/public/uploads/20180615/6ecfe2a757e6e426c79800e4c54ca8a9.jpg?x-oss-process=image/resize,w_150"
"https://image.dayi.org.cn/public/uploads/20180622/f67b1c45153d0731489d2d36853656f8.jpg?x-oss-process=image/resize,w_150"
"https://image.dayi.org.cn/public/uploads/20180613/2f4eeb1ebcc79310fe982ba087afc781.jpg?x-oss-process=image/resize,w_150"
https://www.dayi.org.cn/_nuxt/img/public.37e547c.jpg
"https://image.dayi.org.cn/public/uploads/20180626/42163ce660be6a27af9028d83a17ff46.jpg?x-oss-process=image/resize,w_150"
"https://image.dayi.org.cn/img/20250520/cd5ada782ff64ae28edb2ee5cc7e7ec1.jpg?x-oss-process=image/resize,w_150"
https://www.dayi.org.cn/_nuxt/img/public.37e547c.jpg
"https://image.dayi.org.cn/img/20251104/d85189e5a6664f05ada97df50f347b72.jpg?x-oss-process=image/resize,w_150"
"https://image.dayi.org.cn/img/20250530/42c0f5ecf22e4795bb1fa4946280bbff.jpg?x-oss-process=image/resize,w_150"
"https://image.dayi.org.cn/public/uploads/20180615/5e5373b43e7a160b0c6d3cadd9726c2b.jpg?x-oss-process=image/resize,w_150"
"https://image.dayi.org.cn/public/uploads/20180622/bf58e8562900136d9593f78ee92268cb.jpg?x-oss-process=image/resize,w_150"
"https://image.dayi.org.cn/public/uploads/20180620/89371da6a8ebd9fa66ccb9cebb2e60eb.jpg?x-oss-process=image/resize,w_150"
https://www.dayi.org.cn/_nuxt/img/public.37e547c.jpg
"https://image.dayi.org.cn/img/20250722/ec04968f84f34f5293be58f003ab8e83.jpg?x-oss-process=image/resize,w_150"
https://www.dayi.org.cn/_nuxt/img/public.37e547c.jpg
"https://image.dayi.org.cn/public/uploads/20180615/268d060b02edbace2cb44a882a339baf.jpg?x-oss-process=image/resize,w_150"
"https://image.dayi.org.cn/img/20250825/f4f28cbba9094bc3869b6b0f6a5824b0.jpg?x-oss-process=image/resize,w_150"
"https://image.dayi.org.cn/public/uploads/20180306/c66681d8d8ae207ab608102ac13e84ee.jpg?x-oss-process=image/resize,w_150"
https://www.dayi.org.cn/_nuxt/img/public.37e547c.jpg
https://www.dayi.org.cn/_nuxt/img/public.37e547c.jpg
"https://image.dayi.org.cn/img/20250825/e281599623af419995be69c8eb105322.jpg?x-oss-process=image/resize,w_150"
"https://image.dayi.org.cn/public/uploads/20180614/dacda56596bbba73d5c4c6b7c451b62c.jpg?x-oss-process=image/resize,w_150"
"https://image.dayi.org.cn/public/uploads/20200317/c1b39b43fb7760c0bad89a21f2c3973f.png?x-oss-process=image/resize,w_150"
"https://image.dayi.org.cn/img/20250826/4abc5cd2e1b7446e9e4bb327ec2a8f9d.jpg?x-oss-process=image/resize,w_150"
"https://image.dayi.org.cn/img/20250520/be14b4ce386b4d03ae8b782019ba4f68.jpg?x-oss-process=image/resize,w_150"
"https://image.dayi.org.cn/public/uploads/20180619/24dea385ce84bab56bcd72ca6f783a72.jpg?x-oss-process=image/resize,w_150"
"https://image.dayi.org.cn/img/20250826/a40b39cef06c43c09a598129d2b96296.jpg?x-oss-process=image/resize,w_150"
"https://image.dayi.org.cn/public/uploads/20180614/6dc17294bce945043faa496cee39abc4.jpg?x-oss-process=image/resize,w_150"
"https://image.dayi.org.cn/public/uploads/20180615/9595cecce3a5bd7032a9ef7673bf0db5.jpg?x-oss-process=image/resize,w_150"
"https://image.dayi.org.cn/public/uploads/20180625/347926fd2a2b7473979f057eff3446c0.jpg?x-oss-process=image/resize,w_150"
"https://image.dayi.org.cn/public/uploads/20180619/d8420eea78bb7c35b00ca9a236f33615.jpg?x-oss-process=image/resize,w_150"
"https://image.dayi.org.cn/public/uploads/20180613/4295ebfbf12916555ec980e02bb838b1.jpg?x-oss-process=image/resize,w_150"
"https://image.dayi.org.cn/public/uploads/20200317/d62b9b3e3e57da126c5f52d5a956cc09.png?x-oss-process=image/resize,w_150"
"https://image.dayi.org.cn/public/uploads/20200317/b4e263832704b3b0272136f524cb064c.png?x-oss-process=image/resize,w_150"
"https://image.dayi.org.cn/public/uploads/20200317/2bef37f3ae5bad39235f88a0d30646de.png?x-oss-process=image/resize,w_150"
"https://image.dayi.org.cn/public/uploads/20200316/ef1acc7affbffc8c371c7fa893a0051c.png?x-oss-process=image/resize,w_150"
"https://image.dayi.org.cn/public/uploads/20200316/ee171c27e88948cd2b9a66ff82b8b31d.png?x-oss-process=image/resize,w_150"
"https://image.dayi.org.cn/public/uploads/20200316/db226cb9d87a5ea0c483abaa088b9ced.png?x-oss-process=image/resize,w_150"
"https://image.dayi.org.cn/public/uploads/20200316/c6c393d2db8b0baeaac4ba65a21b1596.png?x-oss-process=image/resize,w_150"
"https://image.dayi.org.cn/public/uploads/20200316/726339f043f9f2cf8d266d3ba3263948.png?x-oss-process=image/resize,w_150"
"https://image.dayi.org.cn/public/uploads/20200316/2cba7422a62245742e3e541d7f3c7338.png?x-oss-process=image/resize,w_150"
"https://image.dayi.org.cn/public/uploads/20200316/1826db5895919470ccfdb2a04b0d5001.png?x-oss-process=image/resize,w_150"
"https://image.dayi.org.cn/public/uploads/20200316/146bd53162328f67fc7a2489810f69d8.png?x-oss-process=image/resize,w_150"
"https://image.dayi.org.cn/public/uploads/20200316/11fd505b9207ccf94677fded5e59831c.png?x-oss-process=image/resize,w_150"
"https://image.dayi.org.cn/public/uploads/20200316/0a2c1db475eb626d87316c4db701dfb1.png?x-oss-process=image/resize,w_150"
"https://image.dayi.org.cn/public/uploads/20200313/f4f516d95613c0bf0392a22b28f7b49f.png?x-oss-process=image/resize,w_150"
"https://image.dayi.org.cn/public/uploads/20191206/05c9505d997fc275f37a4f62349ad4cc.png?x-oss-process=image/resize,w_150"
"https://image.dayi.org.cn/public/uploads/20191202/b0f2fd657e47ff10c12357423f4d59f5.png?x-oss-process=image/resize,w_150"
"https://image.dayi.org.cn/public/uploads/20191202/879abdbd0de3c6aa4dc139bbb155daa2.png?x-oss-process=image/resize,w_150"
"https://image.dayi.org.cn/public/uploads/20191129/b900780dec50d4158680c6cbc099bbe8.jpg?x-oss-process=image/resize,w_150"
"https://image.dayi.org.cn/public/uploads/20191129/96327a7f0e256ae8989e58a2a0886c9d.jpg?x-oss-process=image/resize,w_150"
"https://image.dayi.org.cn/public/uploads/20191128/e2efdb62215a66d30c5821cf57dd2bb9.jpg?x-oss-process=image/resize,w_150"
"https://image.dayi.org.cn/public/uploads/20191128/bd22854fcc3e3807746d2fffbfcd2f82.jpg?x-oss-process=image/resize,w_150"
"https://image.dayi.org.cn/public/uploads/20191128/b77a22c4f8de183500a2fcbc96df9008.png?x-oss-process=image/resize,w_150"
"https://image.dayi.org.cn/public/uploads/20191128/86d11868286c8a4db0910ddc21dedf1a.jpg?x-oss-process=image/resize,w_150"
"https://image.dayi.org.cn/public/uploads/20191128/649a3c0a221f66cf8a491fdb9afb1691.jpg?x-oss-process=image/resize,w_150"
"https://image.dayi.org.cn/public/uploads/20191128/571126a920d8215f2606854920e6ee81.jpg?x-oss-process=image/resize,w_150"
"https://image.dayi.org.cn/public/uploads/20191128/52542e1a337d449098d73fc4bde0af3b.png?x-oss-process=image/resize,w_150"
"https://image.dayi.org.cn/public/uploads/20191128/39dd6e3bc459d01892a7c0b05496c396.jpg?x-oss-process=image/resize,w_150"
"https://image.dayi.org.cn/public/uploads/20191128/3281893dd86c3d14dafadaf80d93dea4.png?x-oss-process=image/resize,w_150"
"https://image.dayi.org.cn/public/uploads/20191128/0999b45536350191d6c0047a8daa5497.png?x-oss-process=image/resize,w_150"
"https://image.dayi.org.cn/public/uploads/20191127/fe7ecc5b9d277ba6aca94b3ae6ca93e3.jpg?x-oss-process=image/resize,w_150"
"https://image.dayi.org.cn/public/uploads/20191127/f2f33633f99d3a74ed6cbb11ae2a0e5f.png?x-oss-process=image/resize,w_150"
"https://image.dayi.org.cn/public/uploads/20191127/e694757db5d7f940f054f42d80834541.png?x-oss-process=image/resize,w_150"
"https://image.dayi.org.cn/public/uploads/20191127/d3497babca2c90431665cb187ccd555d.png?x-oss-process=image/resize,w_150"
"https://image.dayi.org.cn/public/uploads/20191127/cc695a13884395dc95318f1f87098784.jpg?x-oss-process=image/resize,w_150"
"https://image.dayi.org.cn/public/uploads/20191127/c7f9c49695ae8341e359af796ce10496.jpg?x-oss-process=image/resize,w_150"
"https://image.dayi.org.cn/public/uploads/20191127/b848bb435e59258cffe29a3cb6b447dc.png?x-oss-process=image/resize,w_150"
"https://image.dayi.org.cn/public/uploads/20191127/b0198c0d89d4c3a2dc5f8aa9221e2979.jpg?x-oss-process=image/resize,w_150"
"https://image.dayi.org.cn/public/uploads/20191127/a1eccbcfe9062b47caf1565098e3d0c0.png?x-oss-process=image/resize,w_150"
"https://image.dayi.org.cn/public/uploads/20191127/960ec8f5a8af628355a148d5c5bbd50a.png?x-oss-process=image/resize,w_150"
"https://image.dayi.org.cn/public/uploads/20191127/90f232325164a17c2179442a4f914623.jpg?x-oss-process=image/resize,w_150"
"https://image.dayi.org.cn/public/uploads/20191127/90bbb9fdf38f34d0256b8c9716a2b472.png?x-oss-process=image/resize,w_150"
"https://image.dayi.org.cn/public/uploads/20191127/81e8a998f69cf76476dffb1c2dfbe343.png?x-oss-process=image/resize,w_150"
"https://image.dayi.org.cn/public/uploads/20191127/7159ab69edb70d58fa14fe927f73aef3.jpg?x-oss-process=image/resize,w_150"
"https://image.dayi.org.cn/public/uploads/20191127/6c576371d6ae71fdaeb421988b951c2e.png?x-oss-process=image/resize,w_150"
"https://image.dayi.org.cn/public/uploads/20191127/421eb57a0d8dd4ef78f79a344cafda5b.jpg?x-oss-process=image/resize,w_150"
"https://image.dayi.org.cn/public/uploads/20191127/18c2cc56a9fa1257c2938f7d37a2115b.png?x-oss-process=image/resize,w_150"
"https://image.dayi.org.cn/public/uploads/20191127/0f426a40a81b8bdc0ddd02d1f0569d1b.png?x-oss-process=image/resize,w_150"
"https://image.dayi.org.cn/public/uploads/20191127/0a57bf7383d79e51233f6a6465e5a5a5.jpg?x-oss-process=image/resize,w_150"
"https://image.dayi.org.cn/public/uploads/20191127/0075abb3eb3e1561fd5015129e2f256f.png?x-oss-process=image/resize,w_150"
"https://image.dayi.org.cn/public/uploads/20191126/c22b372667f4e1f63029300467592edb.jpg?x-oss-process=image/resize,w_150"
"https://image.dayi.org.cn/public/uploads/20191126/aac262e8d9f0faaf50ab3320fd3d9a1b.png?x-oss-process=image/resize,w_150"
"https://image.dayi.org.cn/public/uploads/20191126/97b1a3924f4a6c964ba331ffde03cd6a.png?x-oss-process=image/resize,w_150"
"https://image.dayi.org.cn/public/uploads/20191126/8573d76ec0aa3d46c1fd5e41e616c68f.png?x-oss-process=image/resize,w_150"
"https://image.dayi.org.cn/public/uploads/20191126/72c1037b9878ad21ebd349abaa349b1e.png?x-oss-process=image/resize,w_150"
"https://image.dayi.org.cn/public/uploads/20191126/688a6a3851ff7046e1254ffb6efac13a.png?x-oss-process=image/resize,w_150"
"https://image.dayi.org.cn/public/uploads/20191126/5cbb607229b8771cb8f5a08d52de718b.png?x-oss-process=image/resize,w_150"
"https://image.dayi.org.cn/public/uploads/20191126/5bb58e546df300fe143eeda7061fabd2.png?x-oss-process=image/resize,w_150"
"https://image.dayi.org.cn/public/uploads/20191126/57df50c8bf1902b1769285cb98ec09b6.png?x-oss-process=image/resize,w_150"
"https://image.dayi.org.cn/public/uploads/20191126/50145722d8e4e622ebde2be37bec344f.png?x-oss-process=image/resize,w_150"
"https://image.dayi.org.cn/public/uploads/20191126/4fd4de9fcef809399d9a56622096573f.jpg?x-oss-process=image/resize,w_150"
"https://image.dayi.org.cn/public/uploads/20191126/49ded0dc1f4a13d077ccfba7b2800c6a.jpg?x-oss-process=image/resize,w_150"
"https://image.dayi.org.cn/public/uploads/20191126/49afd10ccda3969cb2c68571b19e0c90.jpg?x-oss-process=image/resize,w_150"
"https://image.dayi.org.cn/public/uploads/20191126/445c8c953bfa84c942d319efcc64f154.png?x-oss-process=image/resize,w_150"
"https://image.dayi.org.cn/public/uploads/20191126/42684400be05c23497f8ea48315cb09f.png?x-oss-process=image/resize,w_150"
"https://image.dayi.org.cn/public/uploads/20191126/38ef71b8bc8b1a55302421f340cb8317.png?x-oss-process=image/resize,w_150"
"https://image.dayi.org.cn/public/uploads/20191126/3830c22655493d5faeea4cc884409d80.jpg?x-oss-process=image/resize,w_150"
"https://image.dayi.org.cn/public/uploads/20191126/257bab5e847021aa420b99fa2ccc1a56.png?x-oss-process=image/resize,w_150"
"https://image.dayi.org.cn/public/uploads/20191126/2301155fe940084ee52d68610a7255d5.jpg?x-oss-process=image/resize,w_150"
"https://image.dayi.org.cn/public/uploads/20191126/15467af751cbb50c386dd0e501fca674.jpg?x-oss-process=image/resize,w_150"
"https://image.dayi.org.cn/public/uploads/20191126/0927e68ee067298f4a6523f1226966ca.png?x-oss-process=image/resize,w_150"
"https://image.dayi.org.cn/public/uploads/20191126/053e32a4baf819c493cc735a4e402de0.jpg?x-oss-process=image/resize,w_150"
"https://image.dayi.org.cn/public/uploads/20191126/0185950100773a47247cae6baebe0bf4.png?x-oss-process=image/resize,w_150"
"https://image.dayi.org.cn/public/uploads/20191119/0a4e264d89d641f572bf86c3d7a085fc.jpg?x-oss-process=image/resize,w_150"
"https://image.dayi.org.cn/public/uploads/20190507/6f1bba7c2735a6dd2cbda3e4a7cec013.png?x-oss-process=image/resize,w_150"
"https://image.dayi.org.cn/public/uploads/20190418/7cc4d546ef93c117848b9273ab6a247e.png?x-oss-process=image/resize,w_150"
"https://image.dayi.org.cn/public/uploads/20190329/f6bdba6c4408985a70bb475d3c5234c6.png?x-oss-process=image/resize,w_150"
"https://image.dayi.org.cn/public/uploads/20181213/ead91a06713a84742741a30ddb630b93.jpg?x-oss-process=image/resize,w_150"
"https://image.dayi.org.cn/public/uploads/20181123/37a289b15e9626bf0645775631d6d4a3.png?x-oss-process=image/resize,w_150"
"https://image.dayi.org.cn/public/uploads/20180928/5461955baf6136c68e3a61df6ef1e156.png?x-oss-process=image/resize,w_150"
"https://image.dayi.org.cn/public/uploads/20180905/a8dbe1c0cdd700be82bd5612f1b02319.jpg?x-oss-process=image/resize,w_150"
"https://image.dayi.org.cn/public/uploads/20180820/7e353a01b19ae6a23e6343e98dc9f7ef.jpg?x-oss-process=image/resize,w_150"
"https://image.dayi.org.cn/public/uploads/20180706/b1f01bd82b2b66cf9b013497111dfbc9.jpg?x-oss-process=image/resize,w_150"
"https://image.dayi.org.cn/public/uploads/20180628/fef890ffc08205eb6c85b911b0065d68.jpg?x-oss-process=image/resize,w_150"
"https://image.dayi.org.cn/public/uploads/20180628/fb8d80182954940cfcb3ce8219370b99.png?x-oss-process=image/resize,w_150"
"https://image.dayi.org.cn/public/uploads/20180628/f95c39fad57e2ccb20a149426f447f2a.jpg?x-oss-process=image/resize,w_150"
"https://image.dayi.org.cn/public/uploads/20180628/f7300fad569c76c4a863bd117ee89a94.jpg?x-oss-process=image/resize,w_150"
"https://image.dayi.org.cn/public/uploads/20180628/f6f59f3bd69ef44e427cd10eefb0f0bc.jpg?x-oss-process=image/resize,w_150"
"https://image.dayi.org.cn/public/uploads/20180628/f37de006d76686449baab6714bd5438b.jpg?x-oss-process=image/resize,w_150"
"https://image.dayi.org.cn/public/uploads/20180628/f0f8c78c8c359085d28505657ce51e31.jpg?x-oss-process=image/resize,w_150"
"https://image.dayi.org.cn/public/uploads/20180628/eff630a05a4a1b1b068cefedbb121240.jpg?x-oss-process=image/resize,w_150"
"https://image.dayi.org.cn/public/uploads/20180628/ec144b188af90fe696ada261135a0277.jpg?x-oss-process=image/resize,w_150"
"https://image.dayi.org.cn/public/uploads/20180628/eb9e93759bb4dd70a6b67014a09dc910.jpg?x-oss-process=image/resize,w_150"
"https://image.dayi.org.cn/public/uploads/20180628/e36cb8143cc53622ea650743f4adbf49.png?x-oss-process=image/resize,w_150"
"https://image.dayi.org.cn/public/uploads/20180628/e26344c95041bdacca1278c688e8d0e0.jpg?x-oss-process=image/resize,w_150"
"https://image.dayi.org.cn/public/uploads/20180628/e1a8fdf78db09d588cd0936d4b878d1d.jpg?x-oss-process=image/resize,w_150"
"https://image.dayi.org.cn/public/uploads/20180628/e16f5b346de74d4b84e8e1b987bd25c1.jpg?x-oss-process=image/resize,w_150"
"https://image.dayi.org.cn/public/uploads/20180628/e0bc8c7ef0d6b792f111775221a9b431.png?x-oss-process=image/resize,w_150"
"https://image.dayi.org.cn/public/uploads/20180628/da0874214871d78fa13c4308d172c71b.png?x-oss-process=image/resize,w_150"
"https://image.dayi.org.cn/public/uploads/20180628/d94dd947520fa9dd10ee00ba67ce38af.jpg?x-oss-process=image/resize,w_150"
"https://image.dayi.org.cn/public/uploads/20180628/d81305a20cc646faa95f517de811471e.png?x-oss-process=image/resize,w_150"
"https://image.dayi.org.cn/public/uploads/20180628/d6eca99dcb568a4d9458104bd6067e27.png?x-oss-process=image/resize,w_150"
"https://image.dayi.org.cn/public/uploads/20180628/d6b28b6e94b4de5b29a5a4b5806308f1.jpg?x-oss-process=image/resize,w_150"
"https://image.dayi.org.cn/public/uploads/20180628/d57615bebb52a955a0870cd8b211200e.jpg?x-oss-process=image/resize,w_150"
"https://image.dayi.org.cn/public/uploads/20180628/d4e21d93308499ac3d4f7d2eded5e656.jpg?x-oss-process=image/resize,w_150"
"https://image.dayi.org.cn/public/uploads/20180628/d4bdde237b86cb2861099e014cab899e.jpg?x-oss-process=image/resize,w_150"
"https://image.dayi.org.cn/public/uploads/20180628/d3e94c2db8a734ec0a270190c0a21361.jpg?x-oss-process=image/resize,w_150"
"https://image.dayi.org.cn/public/uploads/20180628/d11b973fcfd97b88d79378d155bf0eff.jpg?x-oss-process=image/resize,w_150"
"https://image.dayi.org.cn/public/uploads/20180628/cda48a10829705f21d30c8ae18583b4e.jpg?x-oss-process=image/resize,w_150"
"https://image.dayi.org.cn/public/uploads/20180628/cb6305c39a7072e275b04da15c00fab8.jpg?x-oss-process=image/resize,w_150"
"https://image.dayi.org.cn/public/uploads/20180628/cb4d6bedfc77eb59d1e9a2ab2fc57e36.png?x-oss-process=image/resize,w_150"
"https://image.dayi.org.cn/public/uploads/20180628/ca9641d9cd9951e2e949a14d941e03b8.jpg?x-oss-process=image/resize,w_150"
"https://image.dayi.org.cn/public/uploads/20180628/c95eb721cf38e8ffd3760b2f70b6b1c9.png?x-oss-process=image/resize,w_150"
"https://image.dayi.org.cn/public/uploads/20180628/c7885c2f3fa78d2184d882c6149fa03a.jpg?x-oss-process=image/resize,w_150"
"https://image.dayi.org.cn/public/uploads/20180628/c0764c94609fe57dc4b07691e81a3330.jpg?x-oss-process=image/resize,w_150"
"https://image.dayi.org.cn/public/uploads/20180628/b8f989a11e318ad16cd9f3e5aa4da5ab.jpg?x-oss-process=image/resize,w_150"
"https://image.dayi.org.cn/public/uploads/20180628/b80ae52a84bb19ddd53be35c502ace2a.png?x-oss-process=image/resize,w_150"
"https://image.dayi.org.cn/public/uploads/20180628/b5fe43874c49fc7f05bac150aa55fd82.jpg?x-oss-process=image/resize,w_150"
"https://image.dayi.org.cn/public/uploads/20180628/b585bf64a165b409e86e20dc57f5a9a6.jpg?x-oss-process=image/resize,w_150"
"https://image.dayi.org.cn/public/uploads/20180628/b00d3f2a5dfa3ea9cd58801d9a4c2142.jpg?x-oss-process=image/resize,w_150"
"https://image.dayi.org.cn/public/uploads/20180628/ad901e265c3995b5e86889fb6017a358.jpg?x-oss-process=image/resize,w_150"
"https://image.dayi.org.cn/public/uploads/20180628/aa04ce6e4dc998ebc55ab421186b6853.jpg?x-oss-process=image/resize,w_150"
"https://image.dayi.org.cn/public/uploads/20180628/a3ca9fe33d26de91df8dbe444b48cfc8.jpg?x-oss-process=image/resize,w_150"
"https://image.dayi.org.cn/public/uploads/20180628/a0ec12563e1f92bfd9e4f84f19e08630.png?x-oss-process=image/resize,w_150"
"https://image.dayi.org.cn/public/uploads/20180628/9fd8adf9573ab71efb685f5610d8c490.jpg?x-oss-process=image/resize,w_150"
"https://image.dayi.org.cn/public/uploads/20180628/9f5efb233c311877cb2f773d1776df2a.jpg?x-oss-process=image/resize,w_150"
"https://image.dayi.org.cn/public/uploads/20180628/9a5ebc1b9168fbf2359adf2a9deffe32.jpg?x-oss-process=image/resize,w_150"
"https://image.dayi.org.cn/public/uploads/20180628/97aa297254bb285f479362e97115aaec.jpg?x-oss-process=image/resize,w_150"
"https://image.dayi.org.cn/public/uploads/20180628/96cffd8aceb0602b4dd4c7d5c7ca3d43.jpg?x-oss-process=image/resize,w_150"
"https://image.dayi.org.cn/public/uploads/20180628/954be910a33b869f4ec69d5f10f4c8d5.jpg?x-oss-process=image/resize,w_150"
"https://image.dayi.org.cn/public/uploads/20180628/948ac211abc28cef7e7c3ea0a8cdb2c2.jpg?x-oss-process=image/resize,w_150"
"https://image.dayi.org.cn/public/uploads/20180628/938e81cd4153f36d2e9accf117be911a.jpg?x-oss-process=image/resize,w_150"
"https://image.dayi.org.cn/public/uploads/20180628/9265d55ae9ce274b552ae6664c08a8f2.jpg?x-oss-process=image/resize,w_150"
"https://image.dayi.org.cn/public/uploads/20180628/91d0549a4003fde06463c69ca18efbc0.jpg?x-oss-process=image/resize,w_150"
"https://image.dayi.org.cn/public/uploads/20180628/9160e8bdb08228c3efc3fa4bd40449a8.png?x-oss-process=image/resize,w_150"
"https://image.dayi.org.cn/public/uploads/20180628/910618587f8480607fbf3ab5a09d27bd.png?x-oss-process=image/resize,w_150"
"https://image.dayi.org.cn/public/uploads/20180628/9025b67e74c506e7fd058bd7f1bc60b4.jpg?x-oss-process=image/resize,w_150"
"https://image.dayi.org.cn/public/uploads/20180628/8fcf77d8136d32beabbb7a17ff7b1c0d.jpg?x-oss-process=image/resize,w_150"
"https://image.dayi.org.cn/public/uploads/20180628/8cc70544c04f45e3bff37d70fa19bf6f.jpg?x-oss-process=image/resize,w_150"
"https://image.dayi.org.cn/public/uploads/20180628/889facd605611548652f599c4564cca3.jpg?x-oss-process=image/resize,w_150"
"https://image.dayi.org.cn/public/uploads/20180628/880082827910023739249eea50015d22.jpg?x-oss-process=image/resize,w_150"
"https://image.dayi.org.cn/public/uploads/20180628/872a7477763bc207e1fdcaff361a2878.jpg?x-oss-process=image/resize,w_150"
"https://image.dayi.org.cn/public/uploads/20180628/85ba32f3b6b28d34451981c9108e2ee9.jpg?x-oss-process=image/resize,w_150"
"https://image.dayi.org.cn/public/uploads/20180628/8319a9902d864fd86c6115af219bf91c.png?x-oss-process=image/resize,w_150"
"https://image.dayi.org.cn/public/uploads/20180628/7ff23217f84fdb33d6cfcd7d84bc02fc.jpg?x-oss-process=image/resize,w_150"
"https://image.dayi.org.cn/public/uploads/20180628/7f0093efd412c4ab705a72aac292792c.jpg?x-oss-process=image/resize,w_150"
"https://image.dayi.org.cn/public/uploads/20180628/7db5708237acfb3b10581841bd67b30d.png?x-oss-process=image/resize,w_150"
"https://image.dayi.org.cn/public/uploads/20180628/78af5a52fcc8d6382933a9aa78722c10.jpg?x-oss-process=image/resize,w_150"
"https://image.dayi.org.cn/public/uploads/20180628/769cef0fe4c4ef0399849e404c42a268.jpg?x-oss-process=image/resize,w_150"
"https://image.dayi.org.cn/public/uploads/20180628/746a2248de331122d8f31767d0d797ce.jpg?x-oss-process=image/resize,w_150"
"https://image.dayi.org.cn/public/uploads/20180628/7241c7a49fa0a6e15bceb4d5a7a66ffa.jpg?x-oss-process=image/resize,w_150"
"https://image.dayi.org.cn/public/uploads/20180628/7072e9940ae1c69ff4f65e627b722e5e.jpg?x-oss-process=image/resize,w_150"
"https://image.dayi.org.cn/public/uploads/20180628/688546950387c10423d4d43f9a51c719.jpg?x-oss-process=image/resize,w_150"
"https://image.dayi.org.cn/public/uploads/20180628/67132ee4d22d909168e35a05a45857a3.jpg?x-oss-process=image/resize,w_150"
"https://image.dayi.org.cn/public/uploads/20180628/6523f01fed8d37beb73fb23ac821219b.jpg?x-oss-process=image/resize,w_150"
"https://image.dayi.org.cn/public/uploads/20180628/64ffd3dc44ddcc47ce82e4c517861eb9.jpg?x-oss-process=image/resize,w_150"
"https://image.dayi.org.cn/public/uploads/20180628/611b6329605b79a3903efb12fa58e448.jpg?x-oss-process=image/resize,w_150"
"https://image.dayi.org.cn/public/uploads/20180628/60ed26947267d338a4d77de71b22a2bc.jpg?x-oss-process=image/resize,w_150"
"https://image.dayi.org.cn/public/uploads/20180628/5d3c95b85474ca5783328d81f56ce23b.png?x-oss-process=image/resize,w_150"
"https://image.dayi.org.cn/public/uploads/20180628/5bcbe1f8e302e1d0d94869ecb0e4edb1.jpg?x-oss-process=image/resize,w_150"
"https://image.dayi.org.cn/public/uploads/20180628/5aabfb5990c0c8c17aabbe8e971fcf31.jpg?x-oss-process=image/resize,w_150"
"https://image.dayi.org.cn/public/uploads/20180628/59e590abdc577fe06f96aeb94097fa8a.jpg?x-oss-process=image/resize,w_150"
"https://image.dayi.org.cn/public/uploads/20180628/56fb81a9529afa690bcc0a5f4f83d126.jpg?x-oss-process=image/resize,w_150"
"https://image.dayi.org.cn/public/uploads/20180628/565f21c5a1d0b485c422cfab155b5fd9.jpg?x-oss-process=image/resize,w_150"
"https://image.dayi.org.cn/public/uploads/20180628/515cc7d117ce31e4bae5db84bfc4fe05.jpg?x-oss-process=image/resize,w_150"
"https://image.dayi.org.cn/public/uploads/20180628/51133a8cfa50452c43ca008c6df2dbaf.jpg?x-oss-process=image/resize,w_150"
"https://image.dayi.org.cn/public/uploads/20180628/4ef1f3120202cbb3b03d4f188eb31218.jpg?x-oss-process=image/resize,w_150"
"https://image.dayi.org.cn/public/uploads/20180628/47766120cc6d09b54cbb1e8821a40ac1.jpg?x-oss-process=image/resize,w_150"
"https://image.dayi.org.cn/public/uploads/20180628/470dfc55b9f729da392f76dfd8d93e6a.jpg?x-oss-process=image/resize,w_150"
"https://image.dayi.org.cn/public/uploads/20180628/460092d26738907d31ed90d39e4631bb.jpg?x-oss-process=image/resize,w_150"
"https://image.dayi.org.cn/public/uploads/20180628/4211b598ee086e398734485909e73147.jpg?x-oss-process=image/resize,w_150"
"https://image.dayi.org.cn/public/uploads/20180628/40a351a879187893ceb53ec1b7501dca.jpg?x-oss-process=image/resize,w_150"
"https://image.dayi.org.cn/public/uploads/20180628/4065f178612f1aea7d202f83ac951a55.jpg?x-oss-process=image/resize,w_150"
"https://image.dayi.org.cn/public/uploads/20180628/4004093f77079ebf8389703f759398f4.jpg?x-oss-process=image/resize,w_150"
"https://image.dayi.org.cn/public/uploads/20180628/3fe62a6156773f3c9ba073367a48ea65.jpg?x-oss-process=image/resize,w_150"
"https://image.dayi.org.cn/public/uploads/20180628/3e0b436911950a46c9a06b35799b3775.png?x-oss-process=image/resize,w_150"
"https://image.dayi.org.cn/public/uploads/20180628/3d772a2bc8f1b35a5a8282e663e08a84.jpg?x-oss-process=image/resize,w_150"
"https://image.dayi.org.cn/public/uploads/20180628/3cd1cd222ec5ffc2fec530d671978e87.jpg?x-oss-process=image/resize,w_150"
"https://image.dayi.org.cn/public/uploads/20180628/3cb35002c44b7982bdc43963f85a9aab.jpg?x-oss-process=image/resize,w_150"
"https://image.dayi.org.cn/public/uploads/20180628/39c915ca80bdd0b57d3d53c9c4139eac.png?x-oss-process=image/resize,w_150"
"https://image.dayi.org.cn/public/uploads/20180628/352978808208e3019d9a33b1c1545e70.jpg?x-oss-process=image/resize,w_150"
"https://image.dayi.org.cn/public/uploads/20180628/344ffae7c26b82e2dc02f2b2eda3fbf8.jpg?x-oss-process=image/resize,w_150"
"https://image.dayi.org.cn/public/uploads/20180628/32943eb15ff36b6f6b3039226467817e.jpg?x-oss-process=image/resize,w_150"
"https://image.dayi.org.cn/public/uploads/20180628/309ef5fd08cf0ed8ef464ab5894d0fb8.jpg?x-oss-process=image/resize,w_150"
"https://image.dayi.org.cn/public/uploads/20180628/303027ce1b2bb8155aa8a58720f81777.jpg?x-oss-process=image/resize,w_150"
"https://image.dayi.org.cn/public/uploads/20180628/2dcd9cac796511e96ad0132345b15bce.jpg?x-oss-process=image/resize,w_150"
"https://image.dayi.org.cn/public/uploads/20180628/2d53c02abadd936ed06809ddefb9de21.png?x-oss-process=image/resize,w_150"
"https://image.dayi.org.cn/public/uploads/20180628/2d06b8f9b9f65699a7f2c879f9cee883.jpg?x-oss-process=image/resize,w_150"
"https://image.dayi.org.cn/public/uploads/20180628/2623fafc774dd762f50fffc3650d0e6b.png?x-oss-process=image/resize,w_150"
"https://image.dayi.org.cn/public/uploads/20180628/2211718e881dc537ab992c9dd8ec4637.jpg?x-oss-process=image/resize,w_150"
"https://image.dayi.org.cn/public/uploads/20180628/212712741549d3f13f7e7b11c1333943.jpg?x-oss-process=image/resize,w_150"
"https://image.dayi.org.cn/public/uploads/20180628/1e105ed3259f77f636a1b65184ff7be0.jpg?x-oss-process=image/resize,w_150"
"https://image.dayi.org.cn/public/uploads/20180628/1b964b599626c80cbd67daa5aa990018.jpg?x-oss-process=image/resize,w_150"
"https://image.dayi.org.cn/public/uploads/20180628/170e984008f0595ddf562c3b32afbd9b.jpg?x-oss-process=image/resize,w_150"
"https://image.dayi.org.cn/public/uploads/20180628/16ee70507bddbe792cca79eff0283431.jpg?x-oss-process=image/resize,w_150"
"https://image.dayi.org.cn/public/uploads/20180628/165e6b30a65cb897ee86aee2e181b279.jpg?x-oss-process=image/resize,w_150"
"https://image.dayi.org.cn/public/uploads/20180628/14760ca53e073331bd1a3c6458ab90e6.jpg?x-oss-process=image/resize,w_150"
"https://image.dayi.org.cn/public/uploads/20180628/123a4c1ba5f9da8ae82615ce05d905fe.jpg?x-oss-process=image/resize,w_150"
"https://image.dayi.org.cn/public/uploads/20180628/11f5f47b3bf871be6869df6db7fbd69d.jpg?x-oss-process=image/resize,w_150"
"https://image.dayi.org.cn/public/uploads/20180628/11d03943a956613dca27bedc908f7aba.jpg?x-oss-process=image/resize,w_150"
"https://image.dayi.org.cn/public/uploads/20180628/0cf4042f206d4d0aab741ad244ced4af.jpg?x-oss-process=image/resize,w_150"
"https://image.dayi.org.cn/public/uploads/20180628/0bcb2308279d8fac52d469e96e79d72f.jpg?x-oss-process=image/resize,w_150"
"https://image.dayi.org.cn/public/uploads/20180628/0921d534d5fd459cc85cbd2c6c045025.jpg?x-oss-process=image/resize,w_150"
"https://image.dayi.org.cn/public/uploads/20180628/058f0f306b988cd28536ff340c856459.jpg?x-oss-process=image/resize,w_150"
"https://image.dayi.org.cn/public/uploads/20180628/055ae1a39f184a469ffaf1bd62308bbf.jpg?x-oss-process=image/resize,w_150"
"https://image.dayi.org.cn/public/uploads/20180628/04bb732edc432a9d5639e15e5b28461d.png?x-oss-process=image/resize,w_150"
"https://image.dayi.org.cn/public/uploads/20180628/04056950660a566f5e01bfd25404b1fc.jpg?x-oss-process=image/resize,w_150"
"https://image.dayi.org.cn/public/uploads/20180628/03eff9d3d02b632015046297121bbd64.jpg?x-oss-process=image/resize,w_150"
"https://image.dayi.org.cn/public/uploads/20180628/02d174ffab900f355f1124e56938ebf6.jpg?x-oss-process=image/resize,w_150"
"https://image.dayi.org.cn/public/uploads/20180628/016cbfb72aee9b8b88a1acc19fa41ca6.jpg?x-oss-process=image/resize,w_150"
"https://image.dayi.org.cn/public/uploads/20180627/faaa9be037082ad5b196d63a4350924b.jpg?x-oss-process=image/resize,w_150"
"https://image.dayi.org.cn/public/uploads/20180627/f9a16c975ae00cf662c9877302e72ffa.jpg?x-oss-process=image/resize,w_150"
"https://image.dayi.org.cn/public/uploads/20180627/f7b38da690def690dfba5acf8309f322.jpg?x-oss-process=image/resize,w_150"
"https://image.dayi.org.cn/public/uploads/20180627/f410bd86371acb9d9d35b50f1c6216e9.jpg?x-oss-process=image/resize,w_150"
"https://image.dayi.org.cn/public/uploads/20180627/f409434711256e79ac6391def3e12555.jpg?x-oss-process=image/resize,w_150"
"https://image.dayi.org.cn/public/uploads/20180627/f3dfb1a1595e655d443ba63847355c12.jpg?x-oss-process=image/resize,w_150"
"https://image.dayi.org.cn/public/uploads/20180627/ee7bcdc61112d135d8055454e5780422.jpg?x-oss-process=image/resize,w_150"
"https://image.dayi.org.cn/public/uploads/20180627/ebdec39af4713f5116d209a3bff35b2a.jpg?x-oss-process=image/resize,w_150"
"https://image.dayi.org.cn/public/uploads/20180627/eb6fd49c810de424c4816e262a6b7f6c.jpg?x-oss-process=image/resize,w_150"
"https://image.dayi.org.cn/public/uploads/20180627/eb6445e916548abdf9371098b96428aa.jpg?x-oss-process=image/resize,w_150"
"https://image.dayi.org.cn/public/uploads/20180627/eb2f0bad7efa4d7ee133b2e4d4640de9.jpg?x-oss-process=image/resize,w_150"
"https://image.dayi.org.cn/public/uploads/20180627/e9f98a9b71ac31e136bd673fce560802.jpg?x-oss-process=image/resize,w_150"
"https://image.dayi.org.cn/public/uploads/20180627/e974ec9110ae166640e8e5a3ec5db886.jpg?x-oss-process=image/resize,w_150"
"https://image.dayi.org.cn/public/uploads/20180627/e83ad9bd0098f75fbb3c3385b0d43360.jpg?x-oss-process=image/resize,w_150"
"https://image.dayi.org.cn/public/uploads/20180627/e7586b0b14d33cf97391a94c24c7fa68.jpg?x-oss-process=image/resize,w_150"
"https://image.dayi.org.cn/public/uploads/20180627/e479c3024adb87cb514c23989c82fbbe.jpg?x-oss-process=image/resize,w_150"
"https://image.dayi.org.cn/public/uploads/20180627/e35a029ef33d68fa59e5bdfda2796f24.jpg?x-oss-process=image/resize,w_150"
"https://image.dayi.org.cn/public/uploads/20180627/e34c364c528b36657f7808116d443745.jpg?x-oss-process=image/resize,w_150"
"https://image.dayi.org.cn/public/uploads/20180627/e166dade088cdf04963f961e6e850643.jpg?x-oss-process=image/resize,w_150"
"https://image.dayi.org.cn/public/uploads/20180627/e0b8b10f301c71763cff58a6a611420f.jpg?x-oss-process=image/resize,w_150"
"https://image.dayi.org.cn/public/uploads/20180627/e015afaae435a14635f3f6d62f96429c.jpg?x-oss-process=image/resize,w_150"
"https://image.dayi.org.cn/public/uploads/20180627/de3808b03aa4ab34db14abfff29496a5.jpg?x-oss-process=image/resize,w_150"
"https://image.dayi.org.cn/public/uploads/20180627/dd5c564933e79a284cb5684a38a67d17.jpg?x-oss-process=image/resize,w_150"
"https://image.dayi.org.cn/public/uploads/20180627/d9d75a5a11b3e997bee86f74a760fc5c.jpg?x-oss-process=image/resize,w_150"
"https://image.dayi.org.cn/public/uploads/20180627/d6180a3ae89e0d7e6a5478b0270b052b.jpg?x-oss-process=image/resize,w_150"
"https://image.dayi.org.cn/public/uploads/20180627/d5c6be5b6df65b0443c330723ef465a9.jpg?x-oss-process=image/resize,w_150"
"https://image.dayi.org.cn/public/uploads/20180627/d511f84ab2f329f9a8c1496a83cd076e.jpg?x-oss-process=image/resize,w_150"
"https://image.dayi.org.cn/public/uploads/20180627/d4e32e48e3b48daad7086fda40ede76a.jpg?x-oss-process=image/resize,w_150"
"https://image.dayi.org.cn/public/uploads/20180627/d0e320a81d91f1ca4b27e0a1e84bfe41.jpg?x-oss-process=image/resize,w_150"
"https://image.dayi.org.cn/public/uploads/20180627/d0cb8201c2e799c1c3f03b9b18f557c4.jpg?x-oss-process=image/resize,w_150"
"https://image.dayi.org.cn/public/uploads/20180627/cf0ea7e4a2a3926de25ad7ffe2a73231.jpg?x-oss-process=image/resize,w_150"
"https://image.dayi.org.cn/public/uploads/20180627/cc5d2295a2c5de8c8229e5f3da5b5b55.jpg?x-oss-process=image/resize,w_150"
"https://image.dayi.org.cn/public/uploads/20180627/cc1f9234a7260480ed6a54082fc48bca.jpg?x-oss-process=image/resize,w_150"
"https://image.dayi.org.cn/public/uploads/20180627/cb572f61ee517a3d2cdc3d608b671580.jpg?x-oss-process=image/resize,w_150"
"https://image.dayi.org.cn/public/uploads/20180627/c946c94b76658812be045a1d24afba4d.jpg?x-oss-process=image/resize,w_150"
"https://image.dayi.org.cn/public/uploads/20180627/c8f41fa5ea37052f30e7ef27a70fa564.jpg?x-oss-process=image/resize,w_150"
"https://image.dayi.org.cn/public/uploads/20180627/c8ee5abe7dab9e6011fd198f4e9988a6.jpg?x-oss-process=image/resize,w_150"
"https://image.dayi.org.cn/public/uploads/20180627/c5055ff7a3a76386331cf8c976953aee.jpg?x-oss-process=image/resize,w_150"
"https://image.dayi.org.cn/public/uploads/20180627/c3888e49d31c435daf699055dea3dc84.jpg?x-oss-process=image/resize,w_150"
"https://image.dayi.org.cn/public/uploads/20180627/c185504cc54f00c5eda78395a7d88179.jpg?x-oss-process=image/resize,w_150"
"https://image.dayi.org.cn/public/uploads/20180627/bf1f23eb700f7acc2b039b4dbfe7bc1c.jpg?x-oss-process=image/resize,w_150"
"https://image.dayi.org.cn/public/uploads/20180627/bc4eae266dfd3405e013530ab8d4299f.jpg?x-oss-process=image/resize,w_150"
"https://image.dayi.org.cn/public/uploads/20180627/ba14bea04e6ca7b02305956d09be0132.jpg?x-oss-process=image/resize,w_150"
"https://image.dayi.org.cn/public/uploads/20180627/b93cafb197e6c5a3ca05650e7104bd25.jpg?x-oss-process=image/resize,w_150"
"https://image.dayi.org.cn/public/uploads/20180627/b8160118575e553ce09a60de895c9acf.jpg?x-oss-process=image/resize,w_150"
"https://image.dayi.org.cn/public/uploads/20180627/b4c3cbec16cfcecbdbbbebd817a06d9d.jpg?x-oss-process=image/resize,w_150"
"https://image.dayi.org.cn/public/uploads/20180627/b3b795d9c251ee2d457221eed8ab8eff.jpg?x-oss-process=image/resize,w_150"
"https://image.dayi.org.cn/public/uploads/20180627/b327b91eab8a832186a063b8147dcb46.jpg?x-oss-process=image/resize,w_150"
"https://image.dayi.org.cn/public/uploads/20180627/b2ee4d3ba24acc2131c446b5268493d0.jpg?x-oss-process=image/resize,w_150"
"https://image.dayi.org.cn/public/uploads/20180627/aecb0d5283f9f81f763c6488791500ca.jpg?x-oss-process=image/resize,w_150"
"https://image.dayi.org.cn/public/uploads/20180627/ae845c581b7128d887a1665398dda714.jpg?x-oss-process=image/resize,w_150"
"https://image.dayi.org.cn/public/uploads/20180627/adf6b2af72f5f003e00a9e974213ddb8.jpg?x-oss-process=image/resize,w_150"
"https://image.dayi.org.cn/public/uploads/20180627/ab3a03fa5aee10e1a48cc584e9abff5f.jpg?x-oss-process=image/resize,w_150"
"https://image.dayi.org.cn/public/uploads/20180627/a97f814a7d0979c02c0117616aa83262.jpg?x-oss-process=image/resize,w_150"
"https://image.dayi.org.cn/public/uploads/20180627/a8080f17429b7691609422b87927a2f4.jpg?x-oss-process=image/resize,w_150"
"https://image.dayi.org.cn/public/uploads/20180627/a443246dc1c0fca4dec2715128ce7063.jpg?x-oss-process=image/resize,w_150"
"https://image.dayi.org.cn/public/uploads/20180627/9f6a8ed1d5397a853afe4773198e773c.jpg?x-oss-process=image/resize,w_150"
"https://image.dayi.org.cn/public/uploads/20180627/9f3dea4fcf7360a61c908a6424244dd0.jpg?x-oss-process=image/resize,w_150"
"https://image.dayi.org.cn/public/uploads/20180627/9df24cf63ce32dc77fa94d604f9aeddd.jpg?x-oss-process=image/resize,w_150"
"https://image.dayi.org.cn/public/uploads/20180627/9b264914894d74fbc923fa23ea623fbc.jpg?x-oss-process=image/resize,w_150"
"https://image.dayi.org.cn/public/uploads/20180627/97d9e3a65c6279e947f54e39d6a9e135.jpg?x-oss-process=image/resize,w_150"
"https://image.dayi.org.cn/public/uploads/20180627/9602b4405e33b0fdb0fddc53700a95c9.jpg?x-oss-process=image/resize,w_150"
"https://image.dayi.org.cn/public/uploads/20180627/93a489d97c762f89324a03663f7c34c5.jpg?x-oss-process=image/resize,w_150"
"https://image.dayi.org.cn/public/uploads/20180627/90ea70708e7562d2284be6b36877cca5.jpg?x-oss-process=image/resize,w_150"
"https://image.dayi.org.cn/public/uploads/20180627/90daa31202dcc4c42fae2a550eb7af0a.jpg?x-oss-process=image/resize,w_150"
"https://image.dayi.org.cn/public/uploads/20180627/9056adc68101199bf1546cb59a0e989e.jpg?x-oss-process=image/resize,w_150"
"https://image.dayi.org.cn/public/uploads/20180627/8fb7f86f47df1261374c883d9232dbc7.jpg?x-oss-process=image/resize,w_150"
"https://image.dayi.org.cn/public/uploads/20180627/8ce7f374b8c6f7e5e974e40c3a120440.jpg?x-oss-process=image/resize,w_150"
"https://image.dayi.org.cn/public/uploads/20180627/8aecb46ca75a3cf7baa6a19235cd41b0.jpg?x-oss-process=image/resize,w_150"
"https://image.dayi.org.cn/public/uploads/20180627/8837f59b68d6a6722ca374dc36ba8051.jpg?x-oss-process=image/resize,w_150"
"https://image.dayi.org.cn/public/uploads/20180627/87cecc7f76137a6193bca98e265491ff.jpg?x-oss-process=image/resize,w_150"
"https://image.dayi.org.cn/public/uploads/20180627/8713a6662a52afef08d3ec84d6afc3de.jpg?x-oss-process=image/resize,w_150"
"https://image.dayi.org.cn/public/uploads/20180627/86eba47835b6033198487fdbf0ed1c30.jpg?x-oss-process=image/resize,w_150"
"https://image.dayi.org.cn/public/uploads/20180627/849a12064ed624ce7e4463063e61837d.jpg?x-oss-process=image/resize,w_150"
"https://image.dayi.org.cn/public/uploads/20180627/8375e81e5ddb13330176f9652da5283e.jpg?x-oss-process=image/resize,w_150"
"https://image.dayi.org.cn/public/uploads/20180627/81966c6623eab0ca5d23eaf8913168ad.jpg?x-oss-process=image/resize,w_150"
"https://image.dayi.org.cn/public/uploads/20180627/7e772d9c4fe8fb0cac3644ff07cce0fb.jpg?x-oss-process=image/resize,w_150"
"https://image.dayi.org.cn/public/uploads/20180627/7c2a8e97091069dbb6c45d7b653cdc0c.jpg?x-oss-process=image/resize,w_150"
"https://image.dayi.org.cn/public/uploads/20180627/749644bd2a4d4cc2078a112db30dc67e.jpg?x-oss-process=image/resize,w_150"
"https://image.dayi.org.cn/public/uploads/20180627/7474bac51fa4e1a4c36ea5ae6d54f931.jpg?x-oss-process=image/resize,w_150"
"https://image.dayi.org.cn/public/uploads/20180627/7368fca53251a405c490ebf230e7ac9c.jpg?x-oss-process=image/resize,w_150"
"https://image.dayi.org.cn/public/uploads/20180627/7339819baee430836657b33008260874.jpg?x-oss-process=image/resize,w_150"
"https://image.dayi.org.cn/public/uploads/20180627/6f28a8e0a77dd04dea2c4316f178da7d.jpg?x-oss-process=image/resize,w_150"
"https://image.dayi.org.cn/public/uploads/20180627/6ead211c080b90031b0958571f12ff30.jpg?x-oss-process=image/resize,w_150"
"https://image.dayi.org.cn/public/uploads/20180627/6c90a3b346fe908e8cc0cd723d5f7ac5.jpg?x-oss-process=image/resize,w_150"
"https://image.dayi.org.cn/public/uploads/20180627/6bed58dfebb2d61aa23b24a6747e42f0.jpg?x-oss-process=image/resize,w_150"
"https://image.dayi.org.cn/public/uploads/20180627/6ad4876f0d094b8b1b8f4054fe99f607.jpg?x-oss-process=image/resize,w_150"
"https://image.dayi.org.cn/public/uploads/20180627/697d61c42376784ea7435330da5aa3f3.jpg?x-oss-process=image/resize,w_150"
"https://image.dayi.org.cn/public/uploads/20180627/665df8295c1b995f9c17bafeb7626ba8.jpg?x-oss-process=image/resize,w_150"
"https://image.dayi.org.cn/public/uploads/20180627/663f2d3d6c26f306883d331112328fad.jpg?x-oss-process=image/resize,w_150"
"https://image.dayi.org.cn/public/uploads/20180627/6565660fc74ab325bf6561fc92df265c.jpg?x-oss-process=image/resize,w_150"
"https://image.dayi.org.cn/public/uploads/20180627/63097d4517da73ec2199b122ba4afacc.jpg?x-oss-process=image/resize,w_150"
"https://image.dayi.org.cn/public/uploads/20180627/61b91c5e4b40c2bf4e9ba4445bc9c6e2.jpg?x-oss-process=image/resize,w_150"
"https://image.dayi.org.cn/public/uploads/20180627/605e697ee7bac98578e8445eb7fcd7a6.jpg?x-oss-process=image/resize,w_150"
"https://image.dayi.org.cn/public/uploads/20180627/5dd1dfc08b31079bb51e9679a9d294db.jpg?x-oss-process=image/resize,w_150"
"https://image.dayi.org.cn/public/uploads/20180627/5dadb9043913faee52e805dc91131f25.jpg?x-oss-process=image/resize,w_150"
"https://image.dayi.org.cn/public/uploads/20180627/5c5d4ca0d55fb9347e12f61e4b331ac6.jpg?x-oss-process=image/resize,w_150"
"https://image.dayi.org.cn/public/uploads/20180627/5b9131951ac687a5503e2a2e3dee62da.jpg?x-oss-process=image/resize,w_150"
"https://image.dayi.org.cn/public/uploads/20180627/584c7b7bc94b485b98402f211ac216f2.jpg?x-oss-process=image/resize,w_150"
"https://image.dayi.org.cn/public/uploads/20180627/56c4a88f973d2dc5fa69234bb4f40823.jpg?x-oss-process=image/resize,w_150"
"https://image.dayi.org.cn/public/uploads/20180627/525209e1c398a88e957cd745bc07a2ba.jpg?x-oss-process=image/resize,w_150"
"https://image.dayi.org.cn/public/uploads/20180627/4ba834e6a4c445675a5b65988f886a3a.jpg?x-oss-process=image/resize,w_150"
"https://image.dayi.org.cn/public/uploads/20180627/49bc720ab2c13c2b999b2a0fdc0484f8.jpg?x-oss-process=image/resize,w_150"
"https://image.dayi.org.cn/public/uploads/20180627/4808923577fcd59955b4ec06d5e04d46.png?x-oss-process=image/resize,w_150"
"https://image.dayi.org.cn/public/uploads/20180627/4647da4b03bbc7a086e49fbbc3ef630a.jpg?x-oss-process=image/resize,w_150"
"https://image.dayi.org.cn/public/uploads/20180627/4380f08646f79c79b7715fcefd416249.jpg?x-oss-process=image/resize,w_150"
"https://image.dayi.org.cn/public/uploads/20180627/4212086acdbc15813740a2ce77f85342.jpg?x-oss-process=image/resize,w_150"
"https://image.dayi.org.cn/public/uploads/20180627/4048a28ea0ee5df5854ff758d68f22e8.jpg?x-oss-process=image/resize,w_150"
"https://image.dayi.org.cn/public/uploads/20180627/3f03e3892f54d16e4f4e7a67e5129a9c.jpg?x-oss-process=image/resize,w_150"
"https://image.dayi.org.cn/public/uploads/20180627/3da0fe186ab46a232c53c93318de2409.jpg?x-oss-process=image/resize,w_150"
"https://image.dayi.org.cn/public/uploads/20180627/3a2e6b070793b60d5c24c2b5caa6d479.jpg?x-oss-process=image/resize,w_150"
"https://image.dayi.org.cn/public/uploads/20180627/38d9bb25fa21cf8ed8dd4a9afee87d93.jpg?x-oss-process=image/resize,w_150"
"https://image.dayi.org.cn/public/uploads/20180627/335916ce445d8520669f6e7ef6041dd5.jpg?x-oss-process=image/resize,w_150"
"https://image.dayi.org.cn/public/uploads/20180627/33475c368a8cb8e34f4b0666e80f152c.jpg?x-oss-process=image/resize,w_150"
"https://image.dayi.org.cn/public/uploads/20180627/323e207a03f3eef13f5f61159f6d37a2.jpg?x-oss-process=image/resize,w_150"
"https://image.dayi.org.cn/public/uploads/20180627/302e11b4b3b4536958f56d829827208b.jpg?x-oss-process=image/resize,w_150"
"https://image.dayi.org.cn/public/uploads/20180627/27e351a8a8924cc7a1444746f3e4b968.jpg?x-oss-process=image/resize,w_150"
"https://image.dayi.org.cn/public/uploads/20180627/25d36615db5d2e83cd1a866f9cec8b72.jpg?x-oss-process=image/resize,w_150"
"https://image.dayi.org.cn/public/uploads/20180627/24ccdbedb190b567a59c5a237e701578.jpg?x-oss-process=image/resize,w_150"
"https://image.dayi.org.cn/public/uploads/20180627/21fcf76b96ab523d112a5b31654dbebb.jpg?x-oss-process=image/resize,w_150"
"https://image.dayi.org.cn/public/uploads/20180627/205eb045c6ac700f716f706cffce359a.jpg?x-oss-process=image/resize,w_150"
"https://image.dayi.org.cn/public/uploads/20180627/191581bf587317d0b5537b96f2e6fbfe.jpg?x-oss-process=image/resize,w_150"
"https://image.dayi.org.cn/public/uploads/20180627/190e9083b742388b8300541850ea9d68.jpg?x-oss-process=image/resize,w_150"
"https://image.dayi.org.cn/public/uploads/20180627/16e5b1fc6502a4bd143d4d3c7b47cc64.jpg?x-oss-process=image/resize,w_150"
"https://image.dayi.org.cn/public/uploads/20180627/12aca4bb090e2537239e7a45648c79e9.jpg?x-oss-process=image/resize,w_150"
"https://image.dayi.org.cn/public/uploads/20180627/123021e73fb98e9afa9469166b42a9bc.jpg?x-oss-process=image/resize,w_150"
"https://image.dayi.org.cn/public/uploads/20180627/1109c2476120cf046d2653774a2795c7.jpg?x-oss-process=image/resize,w_150"
"https://image.dayi.org.cn/public/uploads/20180627/0b579e2cfa78bf84ff954409463cca1e.jpg?x-oss-process=image/resize,w_150"
"https://image.dayi.org.cn/public/uploads/20180627/0944e90418cc5ff4d70ca98d4f7cc24a.jpg?x-oss-process=image/resize,w_150"
"https://image.dayi.org.cn/public/uploads/20180627/089523a6940a47048c6a57737bf87ed0.jpg?x-oss-process=image/resize,w_150"
"https://image.dayi.org.cn/public/uploads/20180627/04aab575d388d510e63b8a2c3804e737.jpg?x-oss-process=image/resize,w_150"
"https://image.dayi.org.cn/public/uploads/20180627/03738c5d7b0f7325a4ac902ae998eb04.jpg?x-oss-process=image/resize,w_150"
"https://image.dayi.org.cn/public/uploads/20180627/023c9af9e3f2ec84d2e38004aa62018c.gif?x-oss-process=image/resize,w_150"
"https://image.dayi.org.cn/public/uploads/20180626/fe168328452a5678670bd9acdc6dca72.jpg?x-oss-process=image/resize,w_150"
"https://image.dayi.org.cn/public/uploads/20180626/fdaafccc47392777f1a7a6c443c4f25b.jpg?x-oss-process=image/resize,w_150"
"https://image.dayi.org.cn/public/uploads/20180626/fd750a0f247482997131bce5d5a11cdc.jpg?x-oss-process=image/resize,w_150"
"https://image.dayi.org.cn/public/uploads/20180626/fd0b0ae8534d8bfaed3287cd22ae83b9.jpg?x-oss-process=image/resize,w_150"
"https://image.dayi.org.cn/public/uploads/20180626/fc9a1240bb214892cc1ec478c250792b.jpg?x-oss-process=image/resize,w_150"
"https://image.dayi.org.cn/public/uploads/20180626/fc8e626b0360c586bb6b9e65cda65703.jpg?x-oss-process=image/resize,w_150"
"https://image.dayi.org.cn/public/uploads/20180626/fbe934c1a31d3672bfd1724a8ccd8889.jpg?x-oss-process=image/resize,w_150"
"https://image.dayi.org.cn/public/uploads/20180626/fbcd4513e9ef8b317b19c0d126e348f7.jpg?x-oss-process=image/resize,w_150"
"https://image.dayi.org.cn/public/uploads/20180626/fbcb14b9ca4616e0f46608930fcf70f4.jpg?x-oss-process=image/resize,w_150"
"https://image.dayi.org.cn/public/uploads/20180626/fbc62831521601bf3d4a24b2e146afdd.jpg?x-oss-process=image/resize,w_150"
"https://image.dayi.org.cn/public/uploads/20180626/fb781b1b1c071d3d6f99d58982df1870.jpg?x-oss-process=image/resize,w_150"
"https://image.dayi.org.cn/public/uploads/20180626/fb526ad86bb2c31c13bbcfcc43be46be.jpg?x-oss-process=image/resize,w_150"
"https://image.dayi.org.cn/public/uploads/20180626/fb2afae7366157441a8f2e2198f004dc.jpg?x-oss-process=image/resize,w_150"
"https://image.dayi.org.cn/public/uploads/20180626/fafb2cbfcd7001542b269c567b723341.jpg?x-oss-process=image/resize,w_150"
"https://image.dayi.org.cn/public/uploads/20180626/fa4cc91623fb0f85128f317ef05799fa.jpg?x-oss-process=image/resize,w_150"
"https://image.dayi.org.cn/public/uploads/20180626/fa462f1088ddd0c723889859da49f101.jpg?x-oss-process=image/resize,w_150"
"https://image.dayi.org.cn/public/uploads/20180626/fa189327bd9342ab108ec0d0a4edfd96.jpg?x-oss-process=image/resize,w_150"
"https://image.dayi.org.cn/public/uploads/20180626/f9dd5bf17f8df6f0f904c96596adeb3e.jpg?x-oss-process=image/resize,w_150"
"https://image.dayi.org.cn/public/uploads/20180626/f9ae24b01731cbd86f90eb3e819e5f76.jpg?x-oss-process=image/resize,w_150"
"https://image.dayi.org.cn/public/uploads/20180626/f98125d36659a64f208a97ba945268b5.jpg?x-oss-process=image/resize,w_150"
"https://image.dayi.org.cn/public/uploads/20180626/f97588d3ecc3548925fb78be9f8b9ec3.jpg?x-oss-process=image/resize,w_150"
"https://image.dayi.org.cn/public/uploads/20180626/f92a299f790c3968e609fa9022d1ac42.jpg?x-oss-process=image/resize,w_150"
"https://image.dayi.org.cn/public/uploads/20180626/f7f615cae1a65fb16eeefebd71a41952.jpg?x-oss-process=image/resize,w_150"
"https://image.dayi.org.cn/public/uploads/20180626/f6d469fdd753ca9541ce43ef00cd60a7.jpg?x-oss-process=image/resize,w_150"
"https://image.dayi.org.cn/public/uploads/20180626/f6a20b761a8399d423c32853cf8a15bc.jpg?x-oss-process=image/resize,w_150"
"https://image.dayi.org.cn/public/uploads/20180626/f6114a3c69f69570cef5734b995c078a.jpg?x-oss-process=image/resize,w_150"
"https://image.dayi.org.cn/public/uploads/20180626/f4c38d603bbd740ee8725a6b6424dfcc.jpg?x-oss-process=image/resize,w_150"
"https://image.dayi.org.cn/public/uploads/20180626/f4363069ca3283d0bcc7d9a6bf9cb351.jpg?x-oss-process=image/resize,w_150"
"https://image.dayi.org.cn/public/uploads/20180626/f3ef8a88115ff52625b9c78704711ae8.jpg?x-oss-process=image/resize,w_150"
"https://image.dayi.org.cn/public/uploads/20180626/f3df06461c72f8e342192202348269c7.jpg?x-oss-process=image/resize,w_150"
"https://image.dayi.org.cn/public/uploads/20180626/f3cadcd3d2d70cc8fab42d461e683b99.jpg?x-oss-process=image/resize,w_150"
"https://image.dayi.org.cn/public/uploads/20180626/f2eaf9b79be8768631274b2acdc4fd5e.jpg?x-oss-process=image/resize,w_150"
"https://image.dayi.org.cn/public/uploads/20180626/f181f3645bd8cae03f5da8fb130e233d.jpg?x-oss-process=image/resize,w_150"
"https://image.dayi.org.cn/public/uploads/20180626/f17b898cb9e89456d01b9605111420eb.jpg?x-oss-process=image/resize,w_150"
"https://image.dayi.org.cn/public/uploads/20180626/f0f9bb6e0831245a9ff296a4cf42ab73.jpg?x-oss-process=image/resize,w_150"
"https://image.dayi.org.cn/public/uploads/20180626/f0d2c1289ef9c565943dae7884253318.jpg?x-oss-process=image/resize,w_150"
"https://image.dayi.org.cn/public/uploads/20180626/f092c47733116851de041c9a57fe8da0.jpg?x-oss-process=image/resize,w_150"
"https://image.dayi.org.cn/public/uploads/20180626/f03f3def8f0f32233117df158bd2257d.jpg?x-oss-process=image/resize,w_150"
"https://image.dayi.org.cn/public/uploads/20180626/eff58fa898624030aa77e316549cf7a9.jpg?x-oss-process=image/resize,w_150"
"https://image.dayi.org.cn/public/uploads/20180626/efed49d1873e276899a3a6d6fe156557.jpg?x-oss-process=image/resize,w_150"
"https://image.dayi.org.cn/public/uploads/20180626/eec7e4046073931691eb04a20fdb8ee4.jpg?x-oss-process=image/resize,w_150"
"https://image.dayi.org.cn/public/uploads/20180626/ee9935a0db221748f81099d3a85096be.jpg?x-oss-process=image/resize,w_150"
"https://image.dayi.org.cn/public/uploads/20180626/edf4f4f0ccc0a738ad0120f5a8240c6b.jpg?x-oss-process=image/resize,w_150"
"https://image.dayi.org.cn/public/uploads/20180626/ede837b28c3ec8f0d3ea2435d38463db.jpg?x-oss-process=image/resize,w_150"
"https://image.dayi.org.cn/public/uploads/20180626/eddb8ea37d313cb5e908f47a9184d1c9.jpg?x-oss-process=image/resize,w_150"
"https://image.dayi.org.cn/public/uploads/20180626/edb92d1d42730dadcd703248bf597356.jpg?x-oss-process=image/resize,w_150"
"https://image.dayi.org.cn/public/uploads/20180626/ed82308bc87a4fe5693ec37b97f8e26b.jpg?x-oss-process=image/resize,w_150"
"https://image.dayi.org.cn/public/uploads/20180626/ed51a8bd159abc19774e5c137f712224.jpg?x-oss-process=image/resize,w_150"
"https://image.dayi.org.cn/public/uploads/20180626/ed4b2e96ba68c6bbe9d0c95722cbd62e.jpg?x-oss-process=image/resize,w_150"
"https://image.dayi.org.cn/public/uploads/20180626/ed148e60dd66cfa91d0b96ca2d0084a8.jpg?x-oss-process=image/resize,w_150"
"https://image.dayi.org.cn/public/uploads/20180626/ecf9a390673c767b31accaaca85c50fa.jpg?x-oss-process=image/resize,w_150"
"https://image.dayi.org.cn/public/uploads/20180626/ecf66ffcd005158397f0b017ae5af60a.jpg?x-oss-process=image/resize,w_150"
"https://image.dayi.org.cn/public/uploads/20180626/ece0577f4127703a92c0009ce441c1d3.jpg?x-oss-process=image/resize,w_150"
"https://image.dayi.org.cn/public/uploads/20180626/ec811255235427e1520ef34f1492e01b.jpg?x-oss-process=image/resize,w_150"
"https://image.dayi.org.cn/public/uploads/20180626/ec5aec672edb2aaf3814f19e841dfa5f.jpg?x-oss-process=image/resize,w_150"
"https://image.dayi.org.cn/public/uploads/20180626/ec4476e9fc0065e30f3aca706b15a070.jpg?x-oss-process=image/resize,w_150"
"https://image.dayi.org.cn/public/uploads/20180626/ec17e2e2dc185c7481c157faaedb6737.jpg?x-oss-process=image/resize,w_150"
"https://image.dayi.org.cn/public/uploads/20180626/eb0fe55d613120192e799ef39e78ae0d.jpg?x-oss-process=image/resize,w_150"
"https://image.dayi.org.cn/public/uploads/20180626/ea0dfc39d94288b1ff5f3f939399da6c.jpg?x-oss-process=image/resize,w_150"
"https://image.dayi.org.cn/public/uploads/20180626/e9fa685bf997ba8e5008ddc55d84dbda.jpg?x-oss-process=image/resize,w_150"
"https://image.dayi.org.cn/public/uploads/20180626/e9f1cd4d3ea235f2c9554f8c09337b3b.jpg?x-oss-process=image/resize,w_150"
"https://image.dayi.org.cn/public/uploads/20180626/e9a386215c5d6410525ebb40bf70f0df.jpg?x-oss-process=image/resize,w_150"
"https://image.dayi.org.cn/public/uploads/20180626/e96eae3b00c89898f29739c6230d064a.jpg?x-oss-process=image/resize,w_150"
"https://image.dayi.org.cn/public/uploads/20180626/e9129b2679732701018da574ef471862.jpg?x-oss-process=image/resize,w_150"
"https://image.dayi.org.cn/public/uploads/20180626/e9042e2f273cee90690ee0fd695b34a7.jpg?x-oss-process=image/resize,w_150"
"https://image.dayi.org.cn/public/uploads/20180626/e826660412cd5adc92e94f66506d4100.jpg?x-oss-process=image/resize,w_150"
"https://image.dayi.org.cn/public/uploads/20180626/e81ed27170d60ab78dc0955da4dc9b96.jpg?x-oss-process=image/resize,w_150"
"https://image.dayi.org.cn/public/uploads/20180626/e782415e698f38d2c543476a21878f4f.jpg?x-oss-process=image/resize,w_150"
"https://image.dayi.org.cn/public/uploads/20180626/e7521bc6138786c6d1bc782799c98c7d.jpg?x-oss-process=image/resize,w_150"
"https://image.dayi.org.cn/public/uploads/20180626/e6bf863390fb513f4ea6c51c986cc170.jpg?x-oss-process=image/resize,w_150"
"https://image.dayi.org.cn/public/uploads/20180626/e69c1c0076fe170530da17f5aa8bbe5d.jpg?x-oss-process=image/resize,w_150"
"https://image.dayi.org.cn/public/uploads/20180626/e67c4862e1c48e73800eafa4d056c7f8.jpg?x-oss-process=image/resize,w_150"
"https://image.dayi.org.cn/public/uploads/20180626/e63472d9ae680e899329d562a2b4bcb1.jpg?x-oss-process=image/resize,w_150"
"https://image.dayi.org.cn/public/uploads/20180626/e5ab833d7ca27d12bc81f06f55ea8ab3.jpg?x-oss-process=image/resize,w_150"
"https://image.dayi.org.cn/public/uploads/20180626/e58500957c9d463639defe3ada1265c3.jpg?x-oss-process=image/resize,w_150"
"https://image.dayi.org.cn/public/uploads/20180626/e551c7247c25abba24d00b89bb8b45bd.jpg?x-oss-process=image/resize,w_150"
"https://image.dayi.org.cn/public/uploads/20180626/e5016ddede480a126ad3c08678ae2096.jpg?x-oss-process=image/resize,w_150"
"https://image.dayi.org.cn/public/uploads/20180626/e30e0941cc3ac6e07dfa757abc9f4edb.jpg?x-oss-process=image/resize,w_150"
"https://image.dayi.org.cn/public/uploads/20180626/e300024961e7c09f0974eb7d92742697.jpg?x-oss-process=image/resize,w_150"
"https://image.dayi.org.cn/public/uploads/20180626/e2aae09ea4bc25ab90427bf7437c2ef5.jpg?x-oss-process=image/resize,w_150"
"https://image.dayi.org.cn/public/uploads/20180626/e2346d2489b88940c6f9225a26dafe77.jpg?x-oss-process=image/resize,w_150"
"https://image.dayi.org.cn/public/uploads/20180626/e1a6ccbffecac476cdb711157b3e781d.jpg?x-oss-process=image/resize,w_150"
"https://image.dayi.org.cn/public/uploads/20180626/e18ce35806e6db1d756383c253becd01.jpg?x-oss-process=image/resize,w_150"
"https://image.dayi.org.cn/public/uploads/20180626/e17f4f88841fd6358c83fdfab7a14903.jpg?x-oss-process=image/resize,w_150"
"https://image.dayi.org.cn/public/uploads/20180626/e1796b4b21c0c93219f09e9cbadee256.jpg?x-oss-process=image/resize,w_150"
"https://image.dayi.org.cn/public/uploads/20180626/e16f35066769483ca395d45bd3f18054.jpg?x-oss-process=image/resize,w_150"
"https://image.dayi.org.cn/public/uploads/20180626/e13e0b6b198accb2ac64c30757ad852e.jpg?x-oss-process=image/resize,w_150"
"https://image.dayi.org.cn/public/uploads/20180626/e0e598f444293232f080d626d080dbc1.jpg?x-oss-process=image/resize,w_150"
"https://image.dayi.org.cn/public/uploads/20180626/e0bca3398cea29c7e29d70a423c89671.jpg?x-oss-process=image/resize,w_150"
"https://image.dayi.org.cn/public/uploads/20180626/dfa4ee3275f9f61f4a57a5839aeea5fc.jpg?x-oss-process=image/resize,w_150"
"https://image.dayi.org.cn/public/uploads/20180626/df5c4dc658ff1e26a42eae45faad09ad.jpg?x-oss-process=image/resize,w_150"
"https://image.dayi.org.cn/public/uploads/20180626/df58acca338fd9fbb32cb4fa237ba727.jpg?x-oss-process=image/resize,w_150"
"https://image.dayi.org.cn/public/uploads/20180626/df56547e39cf6ffdb081805768383aeb.jpg?x-oss-process=image/resize,w_150"
"https://image.dayi.org.cn/public/uploads/20180626/df43385c652d263af6c1d0ccfe4c121e.jpg?x-oss-process=image/resize,w_150"
"https://image.dayi.org.cn/public/uploads/20180626/df111e50d438d5700b9767e40aa824a2.jpg?x-oss-process=image/resize,w_150"
"https://image.dayi.org.cn/public/uploads/20180626/deec9f25f810275f7dc75245c5c9b70b.jpg?x-oss-process=image/resize,w_150"
"https://image.dayi.org.cn/public/uploads/20180626/deb3cc7775c2e5e158c90bbe0038f782.jpg?x-oss-process=image/resize,w_150"
"https://image.dayi.org.cn/public/uploads/20180626/de5856500d079bd327f5324156c437af.jpg?x-oss-process=image/resize,w_150"
"https://image.dayi.org.cn/public/uploads/20180626/de070133f64dd3f242e99276fb1454ad.jpg?x-oss-process=image/resize,w_150"
"https://image.dayi.org.cn/public/uploads/20180626/ddc4fd2aa4ab0e0eb9b937d9ee90ccaa.jpg?x-oss-process=image/resize,w_150"
"https://image.dayi.org.cn/public/uploads/20180626/dd3310a9264b22fef2202c90041da6df.jpg?x-oss-process=image/resize,w_150"
"https://image.dayi.org.cn/public/uploads/20180626/dd32dc8e54ca0faf8a0abeba49efb362.jpg?x-oss-process=image/resize,w_150"
"https://image.dayi.org.cn/public/uploads/20180626/dca01fa3da63834adf9b86614a037a86.jpg?x-oss-process=image/resize,w_150"
"https://image.dayi.org.cn/public/uploads/20180626/dc19b9e33fefb8152e0b9506f39efbd9.jpg?x-oss-process=image/resize,w_150"
"https://image.dayi.org.cn/public/uploads/20180626/dbe04a0759b53f563fa0eb2442a6a290.jpg?x-oss-process=image/resize,w_150"
"https://image.dayi.org.cn/public/uploads/20180626/db7c9aa8840705f6191e85e0b686d7e7.jpg?x-oss-process=image/resize,w_150"
"https://image.dayi.org.cn/public/uploads/20180626/da8be86c6774846fa27faa0a027065ba.jpg?x-oss-process=image/resize,w_150"
"https://image.dayi.org.cn/public/uploads/20180626/da4ce2655ccad216a0c889392502bcdf.jpg?x-oss-process=image/resize,w_150"
"https://image.dayi.org.cn/public/uploads/20180626/da208533c9d652d7ca07365a8ac5fa55.jpg?x-oss-process=image/resize,w_150"
"https://image.dayi.org.cn/public/uploads/20180626/da16d4ea5ae799339e1ec93cda03ad24.jpg?x-oss-process=image/resize,w_150"
"https://image.dayi.org.cn/public/uploads/20180626/d9a3b0e86ecc8ba153676df1232a084a.jpg?x-oss-process=image/resize,w_150"
"https://image.dayi.org.cn/public/uploads/20180626/d95bb1bce3d752092caa5c86fa34897f.jpg?x-oss-process=image/resize,w_150"
"https://image.dayi.org.cn/public/uploads/20180626/d8da592df368751c1c1b59022602abf0.jpg?x-oss-process=image/resize,w_150"
"https://image.dayi.org.cn/public/uploads/20180626/d8ce5a5606e3cc831da721c15b26ae6b.jpg?x-oss-process=image/resize,w_150"
"https://image.dayi.org.cn/public/uploads/20180626/d8b2306e613ec62e1b4fb457586c3e15.jpg?x-oss-process=image/resize,w_150"
"https://image.dayi.org.cn/public/uploads/20180626/d878961a5f5dacbcbf463460604bcc39.jpg?x-oss-process=image/resize,w_150"
"https://image.dayi.org.cn/public/uploads/20180626/d7dc3d036ed058445eb505ceaf51fbb6.jpg?x-oss-process=image/resize,w_150"
"https://image.dayi.org.cn/public/uploads/20180626/d6f1ba69e4292e495b989868a17a00f4.jpg?x-oss-process=image/resize,w_150"
"https://image.dayi.org.cn/public/uploads/20180626/d6ed31fa8a369d18b21d305612c27bec.jpg?x-oss-process=image/resize,w_150"
"https://image.dayi.org.cn/public/uploads/20180626/d6adf122147aa5527bbd9bbe2daeb8ce.jpg?x-oss-process=image/resize,w_150"
"https://image.dayi.org.cn/public/uploads/20180626/d417db571933b40cbec70affe09c0ed2.jpg?x-oss-process=image/resize,w_150"
"https://image.dayi.org.cn/public/uploads/20180626/d33d5604159ef868aacc4ad2f890a64f.jpg?x-oss-process=image/resize,w_150"
"https://image.dayi.org.cn/public/uploads/20180626/d2fd1617c2317e9e0be41c97b5e1086f.jpg?x-oss-process=image/resize,w_150"
"https://image.dayi.org.cn/public/uploads/20180626/d28ba1c6818cee0f6fca14fecefbfddf.jpg?x-oss-process=image/resize,w_150"
"https://image.dayi.org.cn/public/uploads/20180626/d27301c326b9ee928efc4e2c4304f116.jpg?x-oss-process=image/resize,w_150"
"https://image.dayi.org.cn/public/uploads/20180626/d23fc92769487cd345efc2fc86756dc8.jpg?x-oss-process=image/resize,w_150"
"https://image.dayi.org.cn/public/uploads/20180626/d1fbf6e707c2c974b316f8ed4bdd5264.jpg?x-oss-process=image/resize,w_150"
"https://image.dayi.org.cn/public/uploads/20180626/d15894a25c7614db89ef5a06b6906bc3.jpg?x-oss-process=image/resize,w_150"
"https://image.dayi.org.cn/public/uploads/20180626/d11ead28b0cd977cb461ae42af7fb08d.jpg?x-oss-process=image/resize,w_150"
"https://image.dayi.org.cn/public/uploads/20180626/d0ea99e84835839d51eb55614e3f1064.jpg?x-oss-process=image/resize,w_150"
"https://image.dayi.org.cn/public/uploads/20180626/d0e18991ca6791a30278102c4b6eacd5.jpg?x-oss-process=image/resize,w_150"
"https://image.dayi.org.cn/public/uploads/20180626/d0114b42c2de5795ffa69a32eded45ad.jpg?x-oss-process=image/resize,w_150"
"https://image.dayi.org.cn/public/uploads/20180626/cfb7bafe70003794552b4055e2aa28d7.jpg?x-oss-process=image/resize,w_150"
"https://image.dayi.org.cn/public/uploads/20180626/cec7e327b93b2557f4992b2061cb14ee.jpg?x-oss-process=image/resize,w_150"
"https://image.dayi.org.cn/public/uploads/20180626/ce222fdb740ecd8e5de1d8f36c47105d.jpg?x-oss-process=image/resize,w_150"
"https://image.dayi.org.cn/public/uploads/20180626/ce0be7033dafb1c5071216f0092a9f84.jpg?x-oss-process=image/resize,w_150"
"https://image.dayi.org.cn/public/uploads/20180626/cdae456f009c2838094fd0a00fcc12d6.jpg?x-oss-process=image/resize,w_150"
"https://image.dayi.org.cn/public/uploads/20180626/ccd4913dafdb8aeaaa7dccd5f5797d90.jpg?x-oss-process=image/resize,w_150"
"https://image.dayi.org.cn/public/uploads/20180626/cccc305c6c1d071ba2c9db2ae4b7caeb.jpg?x-oss-process=image/resize,w_150"
"https://image.dayi.org.cn/public/uploads/20180626/ccbc6a62e373b44d09c44e1191da9746.jpg?x-oss-process=image/resize,w_150"
"https://image.dayi.org.cn/public/uploads/20180626/cc984cd8bb270afede94a7cdf7757c07.jpg?x-oss-process=image/resize,w_150"
"https://image.dayi.org.cn/public/uploads/20180626/cbc451d46aac9dd0fd184e64db3b39fc.jpg?x-oss-process=image/resize,w_150"
"https://image.dayi.org.cn/public/uploads/20180626/cbb6ac6f4e2c440229dc7a98418038a6.jpg?x-oss-process=image/resize,w_150"
"https://image.dayi.org.cn/public/uploads/20180626/caf890f3a1193aa6869b947554366e8d.jpg?x-oss-process=image/resize,w_150"
"https://image.dayi.org.cn/public/uploads/20180626/ca6491b053f772f852ddc405dd35ad17.jpg?x-oss-process=image/resize,w_150"
"https://image.dayi.org.cn/public/uploads/20180626/ca48ca47874be8b01ab3cc8351fa42cb.jpg?x-oss-process=image/resize,w_150"
"https://image.dayi.org.cn/public/uploads/20180626/c9ec44db1271a96a655800ecbb4afb7f.jpg?x-oss-process=image/resize,w_150"
"https://image.dayi.org.cn/public/uploads/20180626/c92fba29f081dce55b3a6d2f83c481d2.jpg?x-oss-process=image/resize,w_150"
"https://image.dayi.org.cn/public/uploads/20180626/c8e39eada07bab76eebcb66cbf79fa5a.jpg?x-oss-process=image/resize,w_150"
"https://image.dayi.org.cn/public/uploads/20180626/c7dd009c48add7d724dc31558b7689e3.jpg?x-oss-process=image/resize,w_150"
"https://image.dayi.org.cn/public/uploads/20180626/c7ce24dea5de4fd41d7ded0d13276156.jpg?x-oss-process=image/resize,w_150"
"https://image.dayi.org.cn/public/uploads/20180626/c76d8ee458e7a3c41cd513f327c58e5a.jpg?x-oss-process=image/resize,w_150"
"https://image.dayi.org.cn/public/uploads/20180626/c70f876765d35b87bfa3b09c436dcf0c.jpg?x-oss-process=image/resize,w_150"
"https://image.dayi.org.cn/public/uploads/20180626/c6a21c8627cc338ab077df596ab9380f.jpg?x-oss-process=image/resize,w_150"
"https://image.dayi.org.cn/public/uploads/20180626/c4b53682e91b0aa0b8b684989a023ce9.jpg?x-oss-process=image/resize,w_150"
"https://image.dayi.org.cn/public/uploads/20180626/c437222647b67c9d340f0d73c41c7099.jpg?x-oss-process=image/resize,w_150"
"https://image.dayi.org.cn/public/uploads/20180626/c3e6180683544f634356b9a61fe40bd1.jpg?x-oss-process=image/resize,w_150"
"https://image.dayi.org.cn/public/uploads/20180626/c3b8260d05252297d30e924e4dab5a2a.jpg?x-oss-process=image/resize,w_150"