三阴交穴,﻿"https://image.dayi.org.cn/public/uploads/20190813/ea7efee6d20c88141c8ce5c8995c467a.jpg?x-oss-process=image/resize,w_150
涌泉穴,https://image.dayi.org.cn/public/uploads/20190813/f3cc071b48f3429385971e368b06504c.jpg?x-oss-process=image/resize,w_150
内关穴,https://image.dayi.org.cn/public/uploads/20190814/6df6a711bca819007e379a2d2be35b3f.jpg?x-oss-process=image/resize,w_150
合谷穴,https://image.dayi.org.cn/public/uploads/20190813/32aa372d7633b3c029903fc4251e43a2.jpg?x-oss-process=image/resize,w_150
足三里穴,https://image.dayi.org.cn/public/uploads/20180704/0f06636a51dd141803c19754f9221a55.png?x-oss-process=image/resize,w_150
十三鬼穴,https://image.dayi.org.cn/public/uploads/20190812/da1a107503e130aa255a941d775a79a0.jpg?x-oss-process=image/resize,w_150
膻中穴,https://image.dayi.org.cn/public/uploads/20190813/69afb7d59dff4d4d7409edf3b93e63d0.jpg?x-oss-process=image/resize,w_150
百会穴,https://image.dayi.org.cn/img/20250211/096d864093fa49abb5890cd67ea24240.jpg?x-oss-process=image/resize,w_150
金津玉液穴,https://image.dayi.org.cn/public/uploads/20190812/b64a26233b2ba6b958f5b042a4ea1cda.jpg?x-oss-process=image/resize,w_150
曲池穴,https://www.dayi.org.cn/_nuxt/img/public.71b9260.jpg
关元穴,https://image.dayi.org.cn/public/uploads/20180907/01810e0c898ec0acccd1954527989df8.jpg?x-oss-process=image/resize,w_150
天突穴,https://image.dayi.org.cn/public/uploads/20190813/a03b7c1b3809c6fa0c57f909ee5816a4.jpg?x-oss-process=image/resize,w_150
风池穴,https://image.dayi.org.cn/public/uploads/20190812/547771e3bb6a1316d31cd351f4794969.jpg?x-oss-process=image/resize,w_150
会阴穴,https://image.dayi.org.cn/public/uploads/20190814/a8213419746d9d0f6391cd0f10baddc2.jpg?x-oss-process=image/resize,w_150
神门穴,https://image.dayi.org.cn/public/uploads/20190812/092a1154837789547bdbd6e1f7a69683.jpg?x-oss-process=image/resize,w_150
太溪穴,https://image.dayi.org.cn/public/uploads/20190813/173dfeb9694d244fd40cfbb8e4b47c2a.jpg?x-oss-process=image/resize,w_150
四关穴,https://image.dayi.org.cn/public/uploads/20190813/b54687d93ccee0de061321386fbb6286.jpg?x-oss-process=image/resize,w_150
气海穴,https://image.dayi.org.cn/img/20250220/fa030f64545b498da51072e2b77b03a5.jpg?x-oss-process=image/resize,w_150
太渊穴,https://image.dayi.org.cn/public/uploads/20180706/93edf37a995cbcd0dd61d547e45f666b.jpg?x-oss-process=image/resize,w_150
太冲穴,https://image.dayi.org.cn/public/uploads/20190813/dcab66605222098db1220882b7da0a4f.jpg?x-oss-process=image/resize,w_150
中脘穴,https://image.dayi.org.cn/public/uploads/20180907/0f39191bffb1dfd6cb3942667aa27e2f.jpg?x-oss-process=image/resize,w_150
神阙穴,https://image.dayi.org.cn/public/uploads/20190813/21252984748b1378f9f5ab7fd31ce090.jpg?x-oss-process=image/resize,w_150
少府穴,https://image.dayi.org.cn/public/uploads/20190812/02c40d67be8843e353d6da301e61e92a.jpg?x-oss-process=image/resize,w_150
中极穴,https://image.dayi.org.cn/public/uploads/20190813/3b724698cecfeb26cb554c99eaff01d0.jpg?x-oss-process=image/resize,w_150
委中穴,https://image.dayi.org.cn/public/uploads/20180907/dfbd3da1d97164881fbbad33c55baa9e.jpg?x-oss-process=image/resize,w_150
命门穴,https://image.dayi.org.cn/public/uploads/20190812/7336966a19966cdd00b964248753ed24.jpg?x-oss-process=image/resize,w_150
血海穴,https://image.dayi.org.cn/img/20250217/a89348ed47b142d68bb33b2468900bbd.jpg?x-oss-process=image/resize,w_150
肺俞穴,https://image.dayi.org.cn/public/uploads/20180907/04425a0a47d0f8181d4f33b59b71f6f5.jpg?x-oss-process=image/resize,w_150
印堂穴,https://image.dayi.org.cn/public/uploads/20180907/5974f00e1963e3854fec3196cfda9046.jpg?x-oss-process=image/resize,w_150
劳宫穴,https://image.dayi.org.cn/public/uploads/20190814/b1fe35e646b2a0160025dc3c641d5e3b.jpg?x-oss-process=image/resize,w_150
天枢穴,https://image.dayi.org.cn/public/uploads/20180907/99c20d55d1a76de48633a9f40a1cdc6c.jpg?x-oss-process=image/resize,w_150
阴陵泉穴,https://image.dayi.org.cn/public/uploads/20190814/ca30fa08c895dad4253df754c0951fbc.jpg?x-oss-process=image/resize,w_150
鼻通穴,https://image.dayi.org.cn/public/uploads/20190812/aa867cbefcd8ccf40dea90be3f840887.jpg?x-oss-process=image/resize,w_150
肾俞穴,https://image.dayi.org.cn/public/uploads/20190813/bad94cac989526815a6e59e090f13ca4.jpg?x-oss-process=image/resize,w_150
阳陵泉穴,https://image.dayi.org.cn/public/uploads/20190814/2d92d4aa12a0d60ddf15f778d1b9bfc0.jpg?x-oss-process=image/resize,w_150
断红穴,https://image.dayi.org.cn/public/uploads/20190813/094e08aae751882ee27bfbc3dee93958.jpg?x-oss-process=image/resize,w_150
悬钟穴,https://image.dayi.org.cn/public/uploads/20190813/da2b49232a65e566dd12cfee0a5a7ea2.jpg?x-oss-process=image/resize,w_150
丹田穴,https://image.dayi.org.cn/public/uploads/20190814/bbf03b6ac87ad5e95c36c39f6c9e87a3.jpg?x-oss-process=image/resize,w_150
女膝穴,https://image.dayi.org.cn/public/uploads/20190813/e0d8beff90e083ef959dd41bc9914741.jpg?x-oss-process=image/resize,w_150
迎香穴,https://image.dayi.org.cn/public/uploads/20190813/c6504af821a3a95519f5cd308c7945a8.jpg?x-oss-process=image/resize,w_150
肩井穴,https://image.dayi.org.cn/public/uploads/20190813/f6cf1ea3bec8d63e9407052d6a5750f8.jpg?x-oss-process=image/resize,w_150
公孙穴,https://image.dayi.org.cn/public/uploads/20190813/b61abeac732aa01d9686fc9b36630544.jpg?x-oss-process=image/resize,w_150
尺泽穴,https://image.dayi.org.cn/public/uploads/20190813/5761e11f3cbb7ed2d7327c90d3d3170e.jpg?x-oss-process=image/resize,w_150
丰隆穴,https://image.dayi.org.cn/img/20241122/8f212d71a50549bd89649da54ba4d92d.jpg?x-oss-process=image/resize,w_150
中府穴,https://image.dayi.org.cn/public/uploads/20190813/de729b2f8f631c9073a46f46f111bf6b.jpg?x-oss-process=image/resize,w_150
后溪穴,https://image.dayi.org.cn/public/uploads/20190813/657b55bcced22b7760908d8045db0539.jpg?x-oss-process=image/resize,w_150
列缺穴,https://image.dayi.org.cn/public/uploads/20190813/8e6cd50e2d2b146402060c5ca30f23f8.jpg?x-oss-process=image/resize,w_150
昆仑穴,https://image.dayi.org.cn/public/uploads/20190813/9757afdee9989220cd0b3a3fe6307e20.jpg?x-oss-process=image/resize,w_150
带脉,https://image.dayi.org.cn/public/uploads/20190813/8a4fdd43f8fe840ef1bc1d81e9d5e05e.jpg?x-oss-process=image/resize,w_150
太白穴,https://image.dayi.org.cn/public/uploads/20180705/6814c61ffb0b5a2a2f11c661cbc50fee.jpg?x-oss-process=image/resize,w_150
十二井穴,https://image.dayi.org.cn/public/uploads/20190709/a6f53ff608d9c14301d94de4737bd337.jpg?x-oss-process=image/resize,w_150
耳尖耳穴,https://image.dayi.org.cn/img/20241126/df6e5afdac5d484a88bc7eca5ba04a32.jpg?x-oss-process=image/resize,w_150
大都穴,https://image.dayi.org.cn/public/uploads/20190813/6f78025ffe9145a498f2d251ceb6b0d7.jpg?x-oss-process=image/resize,w_150
大椎穴,https://image.dayi.org.cn/public/uploads/20190813/f4d4d67a93c2922499a7841af369b8ed.jpg?x-oss-process=image/resize,w_150
商丘穴,https://image.dayi.org.cn/public/uploads/20190812/152ed3eca2659bf1417300289d95aa74.jpg?x-oss-process=image/resize,w_150
天宗穴,https://image.dayi.org.cn/public/uploads/20190813/11275307ce694d4e6576b8763be6c3ec.jpg?x-oss-process=image/resize,w_150
下关穴,https://image.dayi.org.cn/img/20250218/b4c684ed776b43b7811da76102b9a45f.jpg?x-oss-process=image/resize,w_150
地机穴,https://image.dayi.org.cn/public/uploads/20190813/e9345fbe109fb8ff6d1577fa6d6eeda6.jpg?x-oss-process=image/resize,w_150
皮质下耳穴,https://image.dayi.org.cn/public/uploads/20190814/3589aa81a6da33bd69ee08dddc41fc87.jpg?x-oss-process=image/resize,w_150
孔最穴,https://image.dayi.org.cn/public/uploads/20190812/37276c799d5bb5dbb28222c8861d597a.jpg?x-oss-process=image/resize,w_150
中渚穴,https://image.dayi.org.cn/public/uploads/20180705/b2896157e3caa69f0054cf1fd654a5a9.jpg?x-oss-process=image/resize,w_150
大敦穴,https://image.dayi.org.cn/public/uploads/20180705/e958ab12ab13d17d37396a8db6919443.jpg?x-oss-process=image/resize,w_150
照海穴,https://image.dayi.org.cn/public/uploads/20190814/7e751b27722f71e006c7f21c90dbf4b1.jpg?x-oss-process=image/resize,w_150
水沟穴,https://image.dayi.org.cn/public/uploads/20190814/a39c5751d40d3ff0d74975b11531004a.jpg?x-oss-process=image/resize,w_150
阳溪穴,https://image.dayi.org.cn/public/uploads/20190813/b865c1a4921c3b9db9d028c1176e7d3c.jpg?x-oss-process=image/resize,w_150
三十六门,https://image.dayi.org.cn/public/uploads/20190813/1a294b9d98c005a78021557d310a9ac2.jpg?x-oss-process=image/resize,w_150
手三里穴,https://image.dayi.org.cn/public/uploads/20180706/f1f12cf7e217890273ddcdae00a772ea.png?x-oss-process=image/resize,w_150
云门穴,https://image.dayi.org.cn/public/uploads/20190812/69f18403e5c0b62ce337f16671071266.jpg?x-oss-process=image/resize,w_150
天柱穴,https://image.dayi.org.cn/public/uploads/20190814/0d3a261a615859551fc6da532f3a4be7.jpg?x-oss-process=image/resize,w_150
交感耳穴,https://image.dayi.org.cn/public/uploads/20180302/09ed9818ef10150545cace075fd90b4a.jpg?x-oss-process=image/resize,w_150
睛明穴,https://image.dayi.org.cn/public/uploads/20190812/f956f119cf7df406b219f2ce6468f102.jpg?x-oss-process=image/resize,w_150
少商穴,https://image.dayi.org.cn/public/uploads/20190813/c55fa3e6bc7c999b03719486a773e623.jpg?x-oss-process=image/resize,w_150
丘墟穴,https://image.dayi.org.cn/public/uploads/20190813/23ac4101d3c2bd15bc03d904e867ea29.jpg?x-oss-process=image/resize,w_150
侠溪穴,https://image.dayi.org.cn/img/20250217/b8241bccbce9436b9d2886832dd47063.jpg?x-oss-process=image/resize,w_150
舌三针,https://image.dayi.org.cn/img/20241203/695434368619437dab51cfdb2fce742f.jpg?x-oss-process=image/resize,w_150
鱼际穴,https://image.dayi.org.cn/public/uploads/20190812/4169f705d103de21af8e10f3903af6e9.jpg?x-oss-process=image/resize,w_150
伏兔穴,https://image.dayi.org.cn/public/uploads/20190709/4a18db117d1c035526b22d6666ce3d54.jpg?x-oss-process=image/resize,w_150
失眠穴,https://image.dayi.org.cn/public/uploads/20190814/4934011d542d5ac498fa1d5fba025a16.jpg?x-oss-process=image/resize,w_150
颞三针,https://image.dayi.org.cn/public/uploads/20190814/a9902419fb41144a7fe613a5cba341b3.jpg?x-oss-process=image/resize,w_150
山根穴,https://image.dayi.org.cn/public/uploads/20180316/fa905c3b101b0a81e48aaecdcfbdf80d.jpg?x-oss-process=image/resize,w_150
攒竹穴,https://image.dayi.org.cn/public/uploads/20180705/59d3a45f1870a87d6083c7f1e3496687.jpg?x-oss-process=image/resize,w_150
然谷穴,https://image.dayi.org.cn/public/uploads/20180704/d5b381e1c4d8df5f0b8fdd011e6d9dde.jpg?x-oss-process=image/resize,w_150
虎口穴,https://image.dayi.org.cn/public/uploads/20190813/5b7962df956473051c226ca111984c62.jpg?x-oss-process=image/resize,w_150
养老穴,https://image.dayi.org.cn/public/uploads/20190812/cbaceb6a3a05aafad0538d98e6354f48.jpg?x-oss-process=image/resize,w_150
商阳穴,https://image.dayi.org.cn/public/uploads/20190813/6aa11af893c0267df0cee3546f94d738.jpg?x-oss-process=image/resize,w_150
中都穴,https://image.dayi.org.cn/public/uploads/20190813/6e2d3315a2e28b49736a7939bedcf337.jpg?x-oss-process=image/resize,w_150
身柱穴,https://image.dayi.org.cn/public/uploads/20190812/c7c88cb6f2983573378f96e5335b7cf4.jpg?x-oss-process=image/resize,w_150
曲泉穴,https://image.dayi.org.cn/public/uploads/20190812/9b4433c528973a82c728a2e049ed6a68.jpg?x-oss-process=image/resize,w_150
期门穴,https://image.dayi.org.cn/public/uploads/20190813/26f8b49c2ea6e71cf972e406b49adadb.jpg?x-oss-process=image/resize,w_150
环跳穴,https://image.dayi.org.cn/public/uploads/20190812/575a49b2211bc9cbf676170b9d1d7277.jpg?x-oss-process=image/resize,w_150
廉泉三穴,https://image.dayi.org.cn/public/uploads/20190813/b9d438023b57e10698a5ddb8dc03f032.jpg?x-oss-process=image/resize,w_150
次髎穴,https://image.dayi.org.cn/public/uploads/20190813/c7e2865843f7d7c1c5a61fef31cd59c3.jpg?x-oss-process=image/resize,w_150
四花穴,https://image.dayi.org.cn/public/uploads/20190812/38bd44583ace8ac460f0c69a1a23de88.jpg?x-oss-process=image/resize,w_150
心点穴,https://image.dayi.org.cn/public/uploads/20190813/adb1294156308b17b0f87ae9f1e5f7b9.jpg?x-oss-process=image/resize,w_150
风市穴,https://image.dayi.org.cn/public/uploads/20190813/144805247a34deceb4762372029b102b.jpg?x-oss-process=image/resize,w_150
筑宾穴,https://image.dayi.org.cn/img/20241128/16627c1705de496bad036890fa7c6e33.jpg?x-oss-process=image/resize,w_150
肾上腺耳穴,https://www.dayi.org.cn/_nuxt/img/public.71b9260.jpg
脐下六一穴,https://image.dayi.org.cn/public/uploads/20190730/fc22fc1f6f5d4271746bc4be87006d58.jpg?x-oss-process=image/resize,w_150
行间穴,https://image.dayi.org.cn/public/uploads/20180907/88ff20d02e4deb7226b4ea49554ae5fe.jpg?x-oss-process=image/resize,w_150
夜尿点穴,https://image.dayi.org.cn/public/uploads/20190812/308deb113fd10e8a35a5c03bb419a9d4.jpg?x-oss-process=image/resize,w_150
翳风穴,https://image.dayi.org.cn/img/20241203/1f510d3a972a487ea112c3328d43912f.jpg?x-oss-process=image/resize,w_150
少泽穴,https://image.dayi.org.cn/public/uploads/20190812/c7eb99fc9bb6352773f9fd56d61b6593.jpg?x-oss-process=image/resize,w_150
肩三针穴,https://image.dayi.org.cn/public/uploads/20190813/9e01e6af7baf52ceb85fcd00d1487ace.jpg?x-oss-process=image/resize,w_150
三间穴,https://image.dayi.org.cn/img/20250213/fde3d1356af14f428a618098a0d98933.jpg?x-oss-process=image/resize,w_150
通天穴,https://image.dayi.org.cn/public/uploads/20190814/d93f89109a020e578d51a7da922630ca.jpg?x-oss-process=image/resize,w_150
光明穴,https://image.dayi.org.cn/public/uploads/20180709/910e4086557d7746589f8364e841b0c4.png?x-oss-process=image/resize,w_150
阴郄穴,https://image.dayi.org.cn/public/uploads/20190812/5af0653094bacf1395e00d8d222f9461.jpg?x-oss-process=image/resize,w_150
中封穴,https://image.dayi.org.cn/public/uploads/20190813/a34bc50938d1eca958ec494c0fbcce67.jpg?x-oss-process=image/resize,w_150
气冲穴,https://image.dayi.org.cn/public/uploads/20190813/352d6a2b40e2bb4464f36d45315f4316.jpg?x-oss-process=image/resize,w_150
臂臑穴,https://image.dayi.org.cn/public/uploads/20190812/c22d830904deae3ba683b75cc89b50b7.jpg?x-oss-process=image/resize,w_150
中冲穴,https://image.dayi.org.cn/public/uploads/20190812/0e8e186e00728edde523f7bd02ab6005.jpg?x-oss-process=image/resize,w_150
带脉穴,https://image.dayi.org.cn/public/uploads/20190812/e08003d1e7f2fef78f48f867d3da8096.jpg?x-oss-process=image/resize,w_150
大陵穴,https://image.dayi.org.cn/public/uploads/20190709/8bcb774d71cb5e29a08eda7180d1c313.jpg?x-oss-process=image/resize,w_150
梁丘穴,https://image.dayi.org.cn/public/uploads/20180809/dbb5bc56c2e6d4d5bd1a1bed18119a0d.jpg?x-oss-process=image/resize,w_150
风门穴,https://image.dayi.org.cn/public/uploads/20190813/1a0185d7b76b8735b7ade169a8616705.jpg?x-oss-process=image/resize,w_150
咽喉耳穴,https://image.dayi.org.cn/public/uploads/20190812/bba635c1999c717519a97c61deba2a93.jpg?x-oss-process=image/resize,w_150
承泣穴,https://image.dayi.org.cn/public/uploads/20190812/07373559b294aabdf4dda07d6530a526.jpg?x-oss-process=image/resize,w_150
腰阳关,https://image.dayi.org.cn/public/uploads/20190814/a54ab17b397947c9e0a33b841343b33e.jpg?x-oss-process=image/resize,w_150
脑点耳穴,https://image.dayi.org.cn/public/uploads/20190813/d8e359fc54b354fa357e68fc31f0954e.jpg?x-oss-process=image/resize,w_150
少海穴,https://image.dayi.org.cn/public/uploads/20180705/dfafa4854de622a5abe78a2f34b8fc21.jpg?x-oss-process=image/resize,w_150
液门穴,https://image.dayi.org.cn/public/uploads/20190730/66698c0cb9bd91d0e1dcb27a25a8015f.jpg?x-oss-process=image/resize,w_150
八邪穴,https://image.dayi.org.cn/public/uploads/20190813/19c4e26f5f0974aabe2d6a361862f84e.jpg?x-oss-process=image/resize,w_150
外关穴,https://image.dayi.org.cn/public/uploads/20190814/4764dace5b72a3f1f0153386ffeb00ce.jpg?x-oss-process=image/resize,w_150
灵道穴,https://image.dayi.org.cn/public/uploads/20190812/78e8fdba08ce04da73cae1af0f799d0c.jpg?x-oss-process=image/resize,w_150
足临泣穴,https://image.dayi.org.cn/public/uploads/20190813/ce27cd268136eabb4e86711d7d2d8df4.jpg?x-oss-process=image/resize,w_150
八会穴,https://image.dayi.org.cn/public/uploads/20190813/f2e32aa05a3ebc8e0d874340acd2f55c.jpg?x-oss-process=image/resize,w_150
内庭穴,https://image.dayi.org.cn/public/uploads/20180705/1b753e3c20afad477b2e0170a64cd876.jpg?x-oss-process=image/resize,w_150
肝俞穴,https://image.dayi.org.cn/public/uploads/20190812/ba37fdb0a834964e14b586f4d2f7d9fc.jpg?x-oss-process=image/resize,w_150
关冲穴,https://image.dayi.org.cn/public/uploads/20190813/ca8a6303b7b67d681f991149121b2711.jpg?x-oss-process=image/resize,w_150
四白穴,https://image.dayi.org.cn/public/uploads/20190709/f9387ca12e734012c731a7862345b03f.jpg?x-oss-process=image/resize,w_150
至阴穴,https://image.dayi.org.cn/img/20250217/3375e4dd333547489b1827fa691123fe.jpg?x-oss-process=image/resize,w_150
缺盆穴,https://image.dayi.org.cn/public/uploads/20180907/714cc9996e89be817be7140b2f4ff594.jpg?x-oss-process=image/resize,w_150
十宣,https://image.dayi.org.cn/img/20241204/e664d4878a464ca9bb8f4c5301163b0c.jpg?x-oss-process=image/resize,w_150
鸠尾穴,https://image.dayi.org.cn/img/20241209/de924388aaec4ba7a92f5b0bb54785cc.jpg?x-oss-process=image/resize,w_150
归来穴,https://image.dayi.org.cn/public/uploads/20190813/407cdc1976b1bfab695c294ad0afe015.jpg?x-oss-process=image/resize,w_150
膈俞穴,https://image.dayi.org.cn/public/uploads/20190813/bef84716e28b2bf98a88168bb4838b83.jpg?x-oss-process=image/resize,w_150
风府穴,https://image.dayi.org.cn/public/uploads/20190813/8952ba00e41886a8fa20f77ddba25dd5.jpg?x-oss-process=image/resize,w_150
听宫穴,https://image.dayi.org.cn/public/uploads/20190709/31f59f864623881af847cda67877ef6d.jpg?x-oss-process=image/resize,w_150
承山穴,https://image.dayi.org.cn/public/uploads/20190813/8f662f3daa5edc88593559f18330bb9d.jpg?x-oss-process=image/resize,w_150
极泉穴,https://www.dayi.org.cn/_nuxt/img/public.71b9260.jpg
安眠穴（组合穴）,https://image.dayi.org.cn/public/uploads/20180907/4be6d78183315616bbe26eac5b97f552.jpg?x-oss-process=image/resize,w_150
承浆穴,https://image.dayi.org.cn/public/uploads/20190814/96d493acc300aad4ab631a14b23dcbdf.jpg?x-oss-process=image/resize,w_150
指根,https://image.dayi.org.cn/public/uploads/20180302/6d1a9450dffa494dc5807989eb6d2d7e.jpg?x-oss-process=image/resize,w_150
颧髎穴,https://image.dayi.org.cn/public/uploads/20190812/fe5ba108aaf1779144efb1ecef7c8072.jpg?x-oss-process=image/resize,w_150
耳门穴,https://image.dayi.org.cn/public/uploads/20180907/3d49beaccf63b05b935b1c363e8cded4.jpg?x-oss-process=image/resize,w_150
解溪穴,https://image.dayi.org.cn/public/uploads/20190813/0ddc191b938dfa775fd6c4b48cb17207.jpg?x-oss-process=image/resize,w_150
地仓穴,https://image.dayi.org.cn/public/uploads/20190814/87b8a29b8cde21261a50503397262322.jpg?x-oss-process=image/resize,w_150
小海穴,https://image.dayi.org.cn/public/uploads/20190813/807642d1485c1b7ee47ce9f7c6d99be9.jpg?x-oss-process=image/resize,w_150
髂后上棘穴,https://image.dayi.org.cn/public/uploads/20190813/5d963033c9d92f1185903415c9646938.jpg?x-oss-process=image/resize,w_150
复溜穴,https://image.dayi.org.cn/public/uploads/20180411/3faf09e55b93faef12fa34eb4b2ee3d2.png?x-oss-process=image/resize,w_150
长强穴,https://image.dayi.org.cn/public/uploads/20190813/1ff82d8f7c7a89a5f3f3208fd6fbd657.jpg?x-oss-process=image/resize,w_150
冲阳穴,https://image.dayi.org.cn/public/uploads/20180705/c6f587f09fac54ba29e9a72e75569576.png?x-oss-process=image/resize,w_150
隐白穴,https://image.dayi.org.cn/public/uploads/20190813/3186f9e7d7474c3417e85e77bd0c6313.jpg?x-oss-process=image/resize,w_150
智三针,https://image.dayi.org.cn/public/uploads/20190813/15463af3baf178f911466cb0aaca68bc.jpg?x-oss-process=image/resize,w_150
石门穴,https://image.dayi.org.cn/public/uploads/20190813/66d0d3db3dd9c6c9adcc4bedc47a1f0d.jpg?x-oss-process=image/resize,w_150
阴谷穴,https://image.dayi.org.cn/public/uploads/20180706/68609335c77f913715973779aa5e113c.jpg?x-oss-process=image/resize,w_150
水分穴,https://image.dayi.org.cn/public/uploads/20180907/eb870e0a405a81911d419ab1c9cdcd8a.jpg?x-oss-process=image/resize,w_150
日月穴,https://image.dayi.org.cn/public/uploads/20190813/574932b3d657ee20592cc7c444d63867.jpg?x-oss-process=image/resize,w_150
阳谷穴,https://image.dayi.org.cn/public/uploads/20190813/fa8d254afc91172495c57fedf01854dc.jpg?x-oss-process=image/resize,w_150
阑门穴,https://image.dayi.org.cn/public/uploads/20190813/d19ccf78d45a1d19d19db08ecdba3bf2.jpg?x-oss-process=image/resize,w_150
枕耳穴,https://image.dayi.org.cn/public/uploads/20190813/6dabbe1517cf7d9c7f18015dc2e096dd.jpg?x-oss-process=image/resize,w_150
天池穴,https://image.dayi.org.cn/public/uploads/20190813/eeb8c6519fdefe2420508ee06e06e0df.jpg?x-oss-process=image/resize,w_150
咽喉点穴,https://image.dayi.org.cn/public/uploads/20190812/206db8b4bebb68bcdd2b427558dfa52b.jpg?x-oss-process=image/resize,w_150
肾耳穴,https://image.dayi.org.cn/public/uploads/20190813/f3142bea61caf054b16e81c412ee51e3.jpg?x-oss-process=image/resize,w_150
秉风穴,https://image.dayi.org.cn/public/uploads/20190812/7ab5fd95539561ae1f86b3a59e860b1c.jpg?x-oss-process=image/resize,w_150
阴市穴,https://image.dayi.org.cn/public/uploads/20190813/95e9cc37753d1be65e94da361c424786.jpg?x-oss-process=image/resize,w_150
维道穴,https://image.dayi.org.cn/public/uploads/20190813/b82bcdb8d546846234b335663e02fa82.jpg?x-oss-process=image/resize,w_150
二间穴,https://image.dayi.org.cn/public/uploads/20190814/f96bdea9d7153c95108576edc08ef362.jpg?x-oss-process=image/resize,w_150
扁桃体穴,https://image.dayi.org.cn/public/uploads/20190813/32e0293ebeccd0171e7e3e013e486a39.jpg?x-oss-process=image/resize,w_150
气舍穴,https://www.dayi.org.cn/_nuxt/img/public.71b9260.jpg
率谷穴,https://image.dayi.org.cn/public/uploads/20190814/fe7e96e564254380cef9c628ca34400c.jpg?x-oss-process=image/resize,w_150
提托穴,https://image.dayi.org.cn/public/uploads/20190814/5c7b0f6fd7a394e76046654caf0a75e3.jpg?x-oss-process=image/resize,w_150
前谷穴,https://image.dayi.org.cn/public/uploads/20190812/76b7e8e25fe70e26a3bc59b550ad8a66.jpg?x-oss-process=image/resize,w_150
风溪耳穴,https://image.dayi.org.cn/public/uploads/20190814/6e0102fe284739457a86b17f4b52ce20.jpg?x-oss-process=image/resize,w_150
心耳穴,https://image.dayi.org.cn/public/uploads/20190814/ba08e8ac5483b2b24ff4673cb0c39dc0.jpg?x-oss-process=image/resize,w_150
大肠点穴,https://image.dayi.org.cn/public/uploads/20180206/c4c355e996ae8a7ec5833a402848ede9.jpg?x-oss-process=image/resize,w_150
廉泉穴,https://image.dayi.org.cn/public/uploads/20190812/3d1c4e47442b955c830044344aff9720.jpg?x-oss-process=image/resize,w_150
听会穴,https://image.dayi.org.cn/public/uploads/20180206/c6fa7330b5c1c9ff85ca4343e8b34937.jpg?x-oss-process=image/resize,w_150
太阴穴,https://image.dayi.org.cn/public/uploads/20190709/b404b8e4a16c6cbefbaa6210859ca177.jpg?x-oss-process=image/resize,w_150
大迎穴,https://www.dayi.org.cn/_nuxt/img/public.71b9260.jpg
璇玑穴,https://image.dayi.org.cn/public/uploads/20190813/cde4c3eb7fa180f9398dc60840151906.jpg?x-oss-process=image/resize,w_150
胃耳穴,https://image.dayi.org.cn/public/uploads/20190709/de3d57d3dcae94c651918a3d02697d47.jpg?x-oss-process=image/resize,w_150
支正穴,https://image.dayi.org.cn/public/uploads/20190813/c56490486f8d7a2f70c3f2994b26cac3.jpg?x-oss-process=image/resize,w_150
巨髎穴,https://image.dayi.org.cn/public/uploads/20190813/744c3db3941cc8b9954930471dd12dad.jpg?x-oss-process=image/resize,w_150
侠白穴,https://image.dayi.org.cn/public/uploads/20190812/a2ecbe71e9e92706834c20aaa20830ac.jpg?x-oss-process=image/resize,w_150
天井穴,https://image.dayi.org.cn/public/uploads/20190812/334a5405534cc85a1ebffcc1d072b025.jpg?x-oss-process=image/resize,w_150
内生殖器耳穴,https://image.dayi.org.cn/public/uploads/20190813/fc8ce1d6b0730ae5456829862df3a9d4.jpg?x-oss-process=image/resize,w_150
颊车穴,https://image.dayi.org.cn/public/uploads/20190814/0fa84ab794f12c462bef813c49cbb5e6.jpg?x-oss-process=image/resize,w_150
坎宫穴,https://image.dayi.org.cn/public/uploads/20190709/314ef252d3dfa98fb936f1d1569677b9.jpg?x-oss-process=image/resize,w_150
乳根穴,https://image.dayi.org.cn/public/uploads/20180907/23c72919580bd09bb4a7ade2f5542449.jpg?x-oss-process=image/resize,w_150
通里穴,https://image.dayi.org.cn/public/uploads/20190812/e02baa4542bc7bfb3d223b939acd95f9.jpg?x-oss-process=image/resize,w_150
陷谷穴,https://image.dayi.org.cn/public/uploads/20190812/5251a13ec270b2e6662ca4886e6681ee.jpg?x-oss-process=image/resize,w_150
上星穴,https://image.dayi.org.cn/public/uploads/20190813/9fe134fed4ed06870624242a8a9e8cab.jpg?x-oss-process=image/resize,w_150
承扶穴,https://image.dayi.org.cn/img/20250217/e2dab578b07542b19e2c9e983184ce5c.jpg?x-oss-process=image/resize,w_150
咳喘点穴,https://image.dayi.org.cn/public/uploads/20190709/300e8b610ba418538cc5afe2502aea02.jpg?x-oss-process=image/resize,w_150
鹤顶穴,https://image.dayi.org.cn/public/uploads/20180907/561ef94fd07fafb0cb38f507ad4ecba0.jpg?x-oss-process=image/resize,w_150
仆参穴,https://image.dayi.org.cn/public/uploads/20190813/8b5d2c7282d85bf0468eee08151b307c.jpg?x-oss-process=image/resize,w_150
厉兑穴,https://image.dayi.org.cn/public/uploads/20180809/c8dafaf71025cda002e44aa72f44e7dc.jpg?x-oss-process=image/resize,w_150
水泉穴,https://image.dayi.org.cn/public/uploads/20190813/9dc1ad1e1d03519e31236def018f26f1.jpg?x-oss-process=image/resize,w_150
外劳宫穴,https://www.dayi.org.cn/_nuxt/img/public.71b9260.jpg
肝阳1耳穴,https://image.dayi.org.cn/public/uploads/20180709/30a126e7fd8c1b974f7dae0d1177eb61.jpg?x-oss-process=image/resize,w_150
水突穴,https://image.dayi.org.cn/public/uploads/20190709/fea1664ffc4e147935f26df1860c7d6d.jpg?x-oss-process=image/resize,w_150
三关穴,https://image.dayi.org.cn/public/uploads/20190709/90c154ac1e47fac486081620696fe0e1.jpg?x-oss-process=image/resize,w_150
顶颞前斜线,https://image.dayi.org.cn/public/uploads/20190812/7f9000f98e966cb2229a19486c05463f.jpg?x-oss-process=image/resize,w_150
玉堂穴,https://image.dayi.org.cn/public/uploads/20190709/864fc79ce4ba1190188bb97741ffeeca.jpg?x-oss-process=image/resize,w_150
素髎穴,https://image.dayi.org.cn/public/uploads/20190814/10d7aff7e9c2f315e2ad8cc09d0ae260.jpg?x-oss-process=image/resize,w_150
申脉穴,https://image.dayi.org.cn/public/uploads/20190814/958e2ab72326415d62207eb2261533f2.jpg?x-oss-process=image/resize,w_150
扶突穴,https://image.dayi.org.cn/public/uploads/20190812/4551c0602697adbd942c4cd0eac45f83.jpg?x-oss-process=image/resize,w_150
天髎穴,https://image.dayi.org.cn/public/uploads/20190813/f9bf5a63c43948b7305d8033ff710d26.jpg?x-oss-process=image/resize,w_150
箕门穴,https://image.dayi.org.cn/public/uploads/20190813/0da696d2aa9eeff2623d8578e97955a2.jpg?x-oss-process=image/resize,w_150
五脏俞穴,https://www.dayi.org.cn/_nuxt/img/public.71b9260.jpg
大巨穴,https://image.dayi.org.cn/public/uploads/20190813/408c112720c48bd22483f793d7b023d9.jpg?x-oss-process=image/resize,w_150
至阳穴,https://image.dayi.org.cn/public/uploads/20190813/56cd33ea40b99add0da1c74743f7c7c6.jpg?x-oss-process=image/resize,w_150
阳池穴,https://image.dayi.org.cn/public/uploads/20190813/d8b7c136468b62d366d3d090759d7bc6.jpg?x-oss-process=image/resize,w_150
委阳穴,https://image.dayi.org.cn/public/uploads/20180809/aec387fc220ed4ea3687f18efd37bc1f.jpg?x-oss-process=image/resize,w_150
华盖穴,https://image.dayi.org.cn/public/uploads/20190812/ce50b6249f5bf07a68bd351a38fc2aa8.jpg?x-oss-process=image/resize,w_150
会阳穴,https://image.dayi.org.cn/public/uploads/20180907/69d5736c425eb7c016f4ccee5754274f.jpg?x-oss-process=image/resize,w_150
头维穴,https://image.dayi.org.cn/public/uploads/20190814/beb4b839311bf37969e277261910839d.jpg?x-oss-process=image/resize,w_150
饥点耳穴,https://image.dayi.org.cn/public/uploads/20190813/a5963b0ad5a211eca4b4e6b342a923a3.jpg?x-oss-process=image/resize,w_150
天容穴,https://image.dayi.org.cn/public/uploads/20190813/945f949c075a2f4ab7ecedbad028c99d.jpg?x-oss-process=image/resize,w_150
章门穴,https://image.dayi.org.cn/public/uploads/20190814/04f68ba42f7f97876452b00929dd8026.jpg?x-oss-process=image/resize,w_150
内分泌耳穴,https://image.dayi.org.cn/public/uploads/20190813/c4070fab8c7bd608f250e29cc9770063.jpg?x-oss-process=image/resize,w_150
大横穴,https://www.dayi.org.cn/_nuxt/img/public.71b9260.jpg
金门穴,https://image.dayi.org.cn/img/20241206/82dfcd4a91e64f53bfefaa89637c11e4.jpg?x-oss-process=image/resize,w_150
阴包穴,https://image.dayi.org.cn/public/uploads/20190813/3fc00c52c70efe54b4ef375916695c50.jpg?x-oss-process=image/resize,w_150
二人上马穴,https://image.dayi.org.cn/public/uploads/20180206/ffbabcf1099703a4cdcd4a0843ca0d49.jpg?x-oss-process=image/resize,w_150
三商穴,https://image.dayi.org.cn/img/20241203/7e1cea0398bb46719048704cc21ac5fb.jpg?x-oss-process=image/resize,w_150
阳白穴,https://image.dayi.org.cn/public/uploads/20190814/ff30fca5ae48cfbe0d1408368213f036.jpg?x-oss-process=image/resize,w_150
曲骨穴,https://image.dayi.org.cn/img/20250211/81c827b168af47fba37f6a56b53d07ec.jpg?x-oss-process=image/resize,w_150
犊鼻穴,https://www.dayi.org.cn/_nuxt/img/public.71b9260.jpg
巨阙穴,https://image.dayi.org.cn/public/uploads/20190812/c1a96be20e77576681010b9f3c4732e6.jpg?x-oss-process=image/resize,w_150
呃逆穴,https://image.dayi.org.cn/public/uploads/20180907/3a0328ce557ddb43f0c3f87b47a664ef.jpg?x-oss-process=image/resize,w_150
经渠穴,https://image.dayi.org.cn/public/uploads/20190813/06ab599b6d8f18040a81413b8ef6352f.jpg?x-oss-process=image/resize,w_150
肾顶穴,https://image.dayi.org.cn/public/uploads/20190812/881fa8176f09604a1be0e0681f16e4f8.jpg?x-oss-process=image/resize,w_150
丝竹空穴,https://image.dayi.org.cn/public/uploads/20190814/c4f7a2c710620808667003ca06820f96.jpg?x-oss-process=image/resize,w_150
膝眼穴,https://image.dayi.org.cn/public/uploads/20180809/656585f524bcebfc3b418a961c71d2d7.jpg?x-oss-process=image/resize,w_150
头临泣穴,https://image.dayi.org.cn/public/uploads/20190814/3c030f40f5efc409a551c7816a60e807.jpg?x-oss-process=image/resize,w_150
阳辅穴,https://image.dayi.org.cn/public/uploads/20190813/02a72b50adc25ba7a74e0d6d40d0d409.jpg?x-oss-process=image/resize,w_150
天溪穴,https://image.dayi.org.cn/public/uploads/20180907/3e45dcf74c355e3712ce2c562f81e0a9.jpg?x-oss-process=image/resize,w_150
肝点穴,https://image.dayi.org.cn/public/uploads/20190709/64e947afc0ef08d5a6fc8c7af759fc43.jpg?x-oss-process=image/resize,w_150
俞府穴,https://image.dayi.org.cn/public/uploads/20190709/7700d380ea3515d8acee5eb31150cdba.jpg?x-oss-process=image/resize,w_150
内外昆仑（昆仑二穴）,https://image.dayi.org.cn/public/uploads/20190812/ca57e045a732ca6989dae1c48b397107.jpg?x-oss-process=image/resize,w_150
神藏穴,https://image.dayi.org.cn/public/uploads/20190814/2bc7784319ba1849449d868566fe8a75.jpg?x-oss-process=image/resize,w_150
腕骨穴,https://image.dayi.org.cn/public/uploads/20190813/c0b0f0931768a7ad0eb507476125a274.jpg?x-oss-process=image/resize,w_150
乳中穴,https://image.dayi.org.cn/public/uploads/20190813/1a50839aacf74b65bb842c7c8f86fca9.jpg?x-oss-process=image/resize,w_150
神庭穴,https://image.dayi.org.cn/public/uploads/20190813/74679c094ad1b710d379ea2fd6d245b8.jpg?x-oss-process=image/resize,w_150
八关穴,https://image.dayi.org.cn/public/uploads/20190813/4a41078fdc4f21b96d9ceb437fcd3488.jpg?x-oss-process=image/resize,w_150
髋三针,https://image.dayi.org.cn/public/uploads/20190813/4f9c784e24fe68e0e5a7a910e7be3cb1.jpg?x-oss-process=image/resize,w_150
膝关穴,https://image.dayi.org.cn/public/uploads/20180709/591e1b329314649c9f9e030899ec9afc.jpg?x-oss-process=image/resize,w_150
肩俞穴,https://image.dayi.org.cn/public/uploads/20180907/16c6383d6c40e01b918a8e4154cde212.jpg?x-oss-process=image/resize,w_150
三里穴,https://image.dayi.org.cn/public/uploads/20190812/6c1b3eb32605204584b31f58fd0acbd1.jpg?x-oss-process=image/resize,w_150
梁门穴,https://image.dayi.org.cn/public/uploads/20190708/f185529e58e73711431747498537dd1f.jpg?x-oss-process=image/resize,w_150
后顶穴,https://image.dayi.org.cn/public/uploads/20190812/d359fa40717976668010b7ef30f14124.jpg?x-oss-process=image/resize,w_150
天鼎穴,https://image.dayi.org.cn/public/uploads/20190814/84076866477d14370bb4de0934192204.jpg?x-oss-process=image/resize,w_150
乳上穴,https://www.dayi.org.cn/_nuxt/img/public.71b9260.jpg
老龙穴,https://image.dayi.org.cn/public/uploads/20190814/58d28c1bd9f1fc69224ceb5977c46c89.jpg?x-oss-process=image/resize,w_150
支沟穴,https://image.dayi.org.cn/public/uploads/20190709/071696051916d25848cc0c6fcb3ebc1d.jpg?x-oss-process=image/resize,w_150
利尿穴,https://image.dayi.org.cn/public/uploads/20190813/70a5356864bb1f57e7c52a0850889238.jpg?x-oss-process=image/resize,w_150
间使穴,https://image.dayi.org.cn/public/uploads/20180907/90ddf087bc1d2d920cd7dd09d05d67b1.jpg?x-oss-process=image/resize,w_150
人迎穴,https://image.dayi.org.cn/public/uploads/20190812/14611d1dd0928cc156f362387cd2dfaa.jpg?x-oss-process=image/resize,w_150
悬命穴,https://image.dayi.org.cn/public/uploads/20190813/1ce104d973a2be0fa15338bd11b70d26.jpg?x-oss-process=image/resize,w_150
上迎香穴,https://image.dayi.org.cn/public/uploads/20190812/8314163c7edb7c47b522059d04901c88.jpg?x-oss-process=image/resize,w_150
飞扬穴,https://image.dayi.org.cn/public/uploads/20190813/bdb4f52efc16ee05a8233c9197a748b2.jpg?x-oss-process=image/resize,w_150
命关穴,https://image.dayi.org.cn/public/uploads/20190812/52faa90563e920acbc50b294395e683a.jpg?x-oss-process=image/resize,w_150
膝三针,https://image.dayi.org.cn/public/uploads/20190812/dc208320632824f469a04a8452f38794.jpg?x-oss-process=image/resize,w_150
缘中耳穴,https://image.dayi.org.cn/public/uploads/20190709/eb2c66c274274c1943306876aa620c30.jpg?x-oss-process=image/resize,w_150
合阳穴,https://image.dayi.org.cn/public/uploads/20180705/9814f4ba8cedde6a3aea8010e69e3368.jpg?x-oss-process=image/resize,w_150
肩髎穴,https://image.dayi.org.cn/public/uploads/20190813/f0b0eb144a9bfd1775a080a38cf51ba5.jpg?x-oss-process=image/resize,w_150
子宫穴,https://image.dayi.org.cn/public/uploads/20190709/69429e958ed57bddb9a8865b8b1d384e.jpg?x-oss-process=image/resize,w_150
目2耳穴,https://image.dayi.org.cn/public/uploads/20180705/ada2148f13795d3c9588090735ad4851.png?x-oss-process=image/resize,w_150
步廊穴,https://image.dayi.org.cn/public/uploads/20180705/1018d279a9b621c549b8d34cd6e46c08.png?x-oss-process=image/resize,w_150
殷门穴,https://image.dayi.org.cn/public/uploads/20180907/05376dc9c31ce2669f7f50b7f905b8cb.jpg?x-oss-process=image/resize,w_150
承光穴,https://image.dayi.org.cn/public/uploads/20190814/05ef5f45609f296965c9e055bc3e6023.jpg?x-oss-process=image/resize,w_150
肩中俞穴,https://image.dayi.org.cn/public/uploads/20190813/0c0de4c27e394fd9c1ce2f2aba7d0a01.jpg?x-oss-process=image/resize,w_150
腹结穴,https://image.dayi.org.cn/public/uploads/20190813/8c88a235a0afe9bc64c0641fa855e8c5.png?x-oss-process=image/resize,w_150
十二指肠耳穴,https://image.dayi.org.cn/public/uploads/20180907/04e57a3ed7b6953534952853834827ed.jpg?x-oss-process=image/resize,w_150
条口穴,https://image.dayi.org.cn/public/uploads/20190814/3adbeac84bccfa94b7e5d07763628c10.jpg?x-oss-process=image/resize,w_150
手五里穴,https://image.dayi.org.cn/public/uploads/20180302/b0e6954aca668115608544c87220e1f0.jpg?x-oss-process=image/resize,w_150
脑空穴,https://image.dayi.org.cn/public/uploads/20190709/56441a6a7ed13fb034c127edde4f7649.jpg?x-oss-process=image/resize,w_150
上脘穴,https://image.dayi.org.cn/public/uploads/20190813/c0f48d5467f75c523eb12c2466b49e03.jpg?x-oss-process=image/resize,w_150
大包穴,https://image.dayi.org.cn/public/uploads/20190709/33841c37c33463078b9a40ee0498fb50.jpg?x-oss-process=image/resize,w_150
腹四穴,https://image.dayi.org.cn/public/uploads/20190709/288ed1c501eca3bca03db2f7faeb68b4.jpg?x-oss-process=image/resize,w_150
外陵穴,https://image.dayi.org.cn/public/uploads/20190812/5696acec894dcfdcb8e00920a1c73e68.jpg?x-oss-process=image/resize,w_150
哑门穴,https://image.dayi.org.cn/public/uploads/20180907/099cce9c996b52cecf402f5e9a8680df.jpg?x-oss-process=image/resize,w_150
肺点穴,https://image.dayi.org.cn/public/uploads/20190812/4799d926843ff4e9a691482f96b0bb79.jpg?x-oss-process=image/resize,w_150
下巨虚穴,https://image.dayi.org.cn/public/uploads/20190813/f955c1281ac061f92c34b23191851470.jpg?x-oss-process=image/resize,w_150
幽门穴,https://image.dayi.org.cn/public/uploads/20190813/4d15fa4e47b43586aaa7929c0a9cb978.jpg?x-oss-process=image/resize,w_150
太乙穴,https://image.dayi.org.cn/public/uploads/20190812/2b6025bb5fe454cbb028ea9ca25ca681.jpg?x-oss-process=image/resize,w_150
膝上三针,https://image.dayi.org.cn/public/uploads/20190814/7ad1db698889bd8a2f92e54ef0be62c9.jpg?x-oss-process=image/resize,w_150
胆俞穴,https://image.dayi.org.cn/public/uploads/20180809/72d7d5df7c19fb1509450e49ba7abd92.jpg?x-oss-process=image/resize,w_150
膏肓俞穴,https://image.dayi.org.cn/public/uploads/20190813/1e62aca2824d55714359453146dfba06.jpg?x-oss-process=image/resize,w_150
肺耳穴,https://www.dayi.org.cn/_nuxt/img/public.71b9260.jpg
四横纹穴,https://image.dayi.org.cn/public/uploads/20190813/8c4e9ac70c94773a67a9a3223c7f6dc9.jpg?x-oss-process=image/resize,w_150
心俞穴,https://image.dayi.org.cn/public/uploads/20190708/c5e9c92095b6e3b9ca2b56a2631725bf.jpg?x-oss-process=image/resize,w_150
郄门穴,https://image.dayi.org.cn/public/uploads/20190812/ac08b21b6871332dc13d724bb273cbcf.jpg?x-oss-process=image/resize,w_150
胃俞穴,https://image.dayi.org.cn/public/uploads/20190812/29096692fccd97663b902e84fd5fee63.jpg?x-oss-process=image/resize,w_150
中髎穴,https://image.dayi.org.cn/public/uploads/20190814/5e991b1541fa4b41fc48a6757cd874a9.jpg?x-oss-process=image/resize,w_150
定喘穴,https://image.dayi.org.cn/public/uploads/20190813/d833d48f6559f751d3d8d6becdf0e81b.jpg?x-oss-process=image/resize,w_150
束骨穴,https://image.dayi.org.cn/public/uploads/20190813/021385e37ed83cf792747b584197c6d9.jpg?x-oss-process=image/resize,w_150
足三针,https://image.dayi.org.cn/img/20250210/31fe6d22faf24ef8b4276872acc07221.jpg?x-oss-process=image/resize,w_150
中渎穴,https://image.dayi.org.cn/public/uploads/20180704/6b3f4b3aea5841979601d9d8fccca049.jpg?x-oss-process=image/resize,w_150
腰俞穴,https://image.dayi.org.cn/public/uploads/20190813/e7af2ecc768cd2a7934805f3dd4a21cd.jpg?x-oss-process=image/resize,w_150
膝阳关穴,https://image.dayi.org.cn/public/uploads/20190813/529d92bc1a561e95da9f79405a50531f.jpg?x-oss-process=image/resize,w_150
中枢穴,https://image.dayi.org.cn/public/uploads/20190813/c9e4c2898659ca344d5e2aa0efd38be9.jpg?x-oss-process=image/resize,w_150
三阳络穴,https://image.dayi.org.cn/public/uploads/20190814/b85db9a43e66e6f36c0b23fad7915d84.jpg?x-oss-process=image/resize,w_150
下脘穴,https://image.dayi.org.cn/public/uploads/20190813/5641580284a144e0f73f44d55e4014d3.jpg?x-oss-process=image/resize,w_150
胛缝穴,https://image.dayi.org.cn/public/uploads/20190813/755a0541629535a82b7553ff6b9e2c93.jpg?x-oss-process=image/resize,w_150
京骨穴,https://image.dayi.org.cn/img/20250218/465ecc316d5248ecbdf0d3fc849a518c.jpg?x-oss-process=image/resize,w_150
脾俞穴,https://image.dayi.org.cn/public/uploads/20190812/c8188552e3bdac16173f70c3f628d686.jpg?x-oss-process=image/resize,w_150
瞳子髎穴,https://image.dayi.org.cn/public/uploads/20190813/71d5a41fb9baf2f1dbcc80be93c2e069.jpg?x-oss-process=image/resize,w_150
脚后跟穴,https://image.dayi.org.cn/public/uploads/20190812/be69e66bce9b5c234cb124454b683a5b.jpg?x-oss-process=image/resize,w_150
大小骨空,https://image.dayi.org.cn/public/uploads/20180705/5efbd009455be05b8fc23813a2e5789c.png?x-oss-process=image/resize,w_150
三膝穴,https://image.dayi.org.cn/public/uploads/20190709/ae51bc688137dd4a688ed295d661dd83.jpg?x-oss-process=image/resize,w_150
明堂穴,https://image.dayi.org.cn/public/uploads/20180206/276b358948785127b24e813b8ada79dd.jpg?x-oss-process=image/resize,w_150
胆囊穴,https://image.dayi.org.cn/public/uploads/20190709/7f0fe8f2d333c2fdcbbad6805099c8d6.jpg?x-oss-process=image/resize,w_150
降压点耳穴,https://image.dayi.org.cn/public/uploads/20190812/b9f058c4138d74146a2ee88c2961a4f1.jpg?x-oss-process=image/resize,w_150
脑清穴,https://image.dayi.org.cn/public/uploads/20190813/7b5b0821f5a161ccbe558fdcbca3dbaa.jpg?x-oss-process=image/resize,w_150
精灵威灵穴,https://www.dayi.org.cn/_nuxt/img/public.71b9260.jpg
小横纹穴,https://image.dayi.org.cn/public/uploads/20190813/edf4224789f123e1d37f238652784a26.jpg?x-oss-process=image/resize,w_150
角孙穴,https://image.dayi.org.cn/public/uploads/20190812/2598cb9603fcc02cdfceb85c546df7f9.jpg?x-oss-process=image/resize,w_150
三焦耳穴,https://image.dayi.org.cn/public/uploads/20190814/f9ddc09060f0fa3cd769c3135f87b78c.jpg?x-oss-process=image/resize,w_150
直肠耳穴,https://image.dayi.org.cn/public/uploads/20190709/c0f14ea1c0bbd6e30332e560deef0835.jpg?x-oss-process=image/resize,w_150
会宗穴,https://image.dayi.org.cn/public/uploads/20190709/2a49433862b33973cf1867f7d2a81b4c.jpg?x-oss-process=image/resize,w_150
偏历穴,https://image.dayi.org.cn/public/uploads/20190812/77ff1a68e2001c03c0ae5d3d8133370d.jpg?x-oss-process=image/resize,w_150
大杼穴,https://image.dayi.org.cn/public/uploads/20190812/7bde2942852d1bf6bee3645558cb1010.jpg?x-oss-process=image/resize,w_150
清冷渊穴,https://image.dayi.org.cn/public/uploads/20190813/d3729a1570e02d21f01a70dd023fd7ec.jpg?x-oss-process=image/resize,w_150
独阴穴,https://image.dayi.org.cn/public/uploads/20180705/76cb6057a7d6d3908935dcbd4ec3dea2.jpg?x-oss-process=image/resize,w_150
滑肉门穴,https://image.dayi.org.cn/public/uploads/20190813/56163b35d7656b8c5ebd8a255c6713b4.jpg?x-oss-process=image/resize,w_150
耳中耳穴,https://image.dayi.org.cn/public/uploads/20180705/c600169a0e4204b68590b85f5d5456be.jpg?x-oss-process=image/resize,w_150
脾耳穴,https://image.dayi.org.cn/public/uploads/20190813/7c2c243b3142e3ef0b7c808f2f321459.jpg?x-oss-process=image/resize,w_150
口禾髎穴,https://image.dayi.org.cn/public/uploads/20190813/4fae7b8ebc42ad784fc6958c99c978e3.jpg?x-oss-process=image/resize,w_150
曲垣穴,https://image.dayi.org.cn/img/20250211/8b66d428627c4fc0a20df41f5e29cdfe.jpg?x-oss-process=image/resize,w_150
盆腔耳穴,https://image.dayi.org.cn/public/uploads/20190813/a1d63deaf0647ae9642ab55a92f65bc3.jpg?x-oss-process=image/resize,w_150
中庭穴,https://image.dayi.org.cn/public/uploads/20190813/860990e002898b2b532fb1f059c5342d.jpg?x-oss-process=image/resize,w_150
兑端穴,https://image.dayi.org.cn/public/uploads/20190812/989f02809b4e9e4369a8c3504b12e6e6.jpg?x-oss-process=image/resize,w_150
肛门耳穴,https://image.dayi.org.cn/public/uploads/20190814/574b9fc92efae7bdcf821c2a3f689608.jpg?x-oss-process=image/resize,w_150
肩贞穴,https://image.dayi.org.cn/public/uploads/20190813/161795286e508a552596a369779a2016.jpg?x-oss-process=image/resize,w_150
耳背沟耳穴,https://image.dayi.org.cn/public/uploads/20190813/213e94058e4b38de6728e50e0c146a7f.jpg?x-oss-process=image/resize,w_150
颅息穴,https://image.dayi.org.cn/public/uploads/20190814/b37f7a0747dd0bd3681c28b203903a85.jpg?x-oss-process=image/resize,w_150
耳背心耳穴,https://image.dayi.org.cn/public/uploads/20190813/ef8a0c5bbaab1d5e172f01d443701b5b.jpg?x-oss-process=image/resize,w_150
络却穴,https://image.dayi.org.cn/img/20250409/a32b31f8fec5433788ade5a74b65f42c.jpg?x-oss-process=image/resize,w_150
气中穴,https://image.dayi.org.cn/public/uploads/20190812/ebc14e9688610f840107b90a87f22318.jpg?x-oss-process=image/resize,w_150
前顶穴,https://www.dayi.org.cn/_nuxt/img/public.71b9260.jpg
上明穴,https://image.dayi.org.cn/public/uploads/20190813/7f352d7955e5462afce610fda4dae80d.jpg?x-oss-process=image/resize,w_150
腰骶椎耳穴,https://image.dayi.org.cn/public/uploads/20190812/0db2417a42b8e1441f31667b249ec07d.jpg?x-oss-process=image/resize,w_150
阳交穴,https://image.dayi.org.cn/public/uploads/20190812/ca58986f332ab98dfa3aadfbd6ad666c.jpg?x-oss-process=image/resize,w_150
小肠俞穴,https://image.dayi.org.cn/public/uploads/20190812/0fec1442019211dc93ee2f0dd68b5429.jpg?x-oss-process=image/resize,w_150
髀关穴,https://image.dayi.org.cn/public/uploads/20190812/19139a79344138f438651f3eed78f49c.jpg?x-oss-process=image/resize,w_150
食道耳穴,https://image.dayi.org.cn/public/uploads/20180907/caf7135107db67805c066e0d9787fa3e.jpg?x-oss-process=image/resize,w_150
上睛明穴,https://image.dayi.org.cn/public/uploads/20190813/017fbcdcc1fcc33bdb0609982979c9a6.jpg?x-oss-process=image/resize,w_150
迈步穴,https://image.dayi.org.cn/public/uploads/20180704/2cb7ef2ef9443a1a754baf3d61196d9c.jpg?x-oss-process=image/resize,w_150
健膝穴,https://image.dayi.org.cn/public/uploads/20190709/dc03b45dc934201367c14b6f2e0baa9a.jpg?x-oss-process=image/resize,w_150
下耳根耳穴,https://image.dayi.org.cn/public/uploads/20190813/d11ba72096da35e5706f87e0a351c7d2.jpg?x-oss-process=image/resize,w_150
股三针,https://image.dayi.org.cn/public/uploads/20190709/5a1ec03fb22f23fe1f13eb9e8822ffd2.jpg?x-oss-process=image/resize,w_150
膀胱俞穴,https://image.dayi.org.cn/public/uploads/20190813/99bbbbf11c3f6e433da713a665d0b7c3.jpg?x-oss-process=image/resize,w_150
额中穴,https://image.dayi.org.cn/public/uploads/20190813/848a6819751924834764f552d21e912d.jpg?x-oss-process=image/resize,w_150
地五会穴,https://image.dayi.org.cn/public/uploads/20190813/04d4defd52862cc4ab0a01516f2c164a.jpg?x-oss-process=image/resize,w_150
角窝中耳穴,https://image.dayi.org.cn/public/uploads/20190813/ae6a1664949b7ad0046e7737a1460fcf.jpg?x-oss-process=image/resize,w_150
势头穴,https://image.dayi.org.cn/public/uploads/20190813/f45d68b8efdc36d9eca5d17c1150bda8.jpg?x-oss-process=image/resize,w_150
大拇指头穴,https://www.dayi.org.cn/_nuxt/img/public.71b9260.jpg
陵后下穴,https://image.dayi.org.cn/public/uploads/20190813/f2ab13d18c96b52dea244d34f805f1c1.jpg?x-oss-process=image/resize,w_150
脚气八处灸穴,https://image.dayi.org.cn/public/uploads/20190814/faff4fced22c7b3f8cf8ba5cb976d4f5.jpg?x-oss-process=image/resize,w_150
海泉穴,https://image.dayi.org.cn/public/uploads/20180705/71e492925381bc32fbdd2121d2e7525e.jpg?x-oss-process=image/resize,w_150
坐骨神经耳穴,https://image.dayi.org.cn/public/uploads/20180206/a995f67a5d7929f3adfa2dfd3d83351b.jpg?x-oss-process=image/resize,w_150
足窍阴穴,https://image.dayi.org.cn/public/uploads/20180704/5ec861ffcf1db6488be7ec37bb57ced8.jpg?x-oss-process=image/resize,w_150
足跟痛点穴,https://image.dayi.org.cn/public/uploads/20180907/2fe478685241dfe6437767ca1a094a2c.jpg?x-oss-process=image/resize,w_150
耳中穴,https://www.dayi.org.cn/_nuxt/img/public.71b9260.jpg
四花患门穴,https://image.dayi.org.cn/public/uploads/20180705/749f972296282969969b23abbff84b60.jpg?x-oss-process=image/resize,w_150
四满穴,https://www.dayi.org.cn/_nuxt/img/public.71b9260.jpg
三焦俞穴,https://image.dayi.org.cn/public/uploads/20180705/b7bf01b34b43424ce67056141049b4dd.jpg?x-oss-process=image/resize,w_150
足通谷穴,https://image.dayi.org.cn/public/uploads/20180907/b20ee81a421f079227dfafc10c6e9fbb.jpg?x-oss-process=image/resize,w_150
地神穴,https://image.dayi.org.cn/public/uploads/20190813/a8d0d3f667a3dcc91702413d580f9fa6.jpg?x-oss-process=image/resize,w_150
锁骨耳穴,https://image.dayi.org.cn/public/uploads/20190709/0e4e5ae4e12893e98bb559d25c286f98.jpg?x-oss-process=image/resize,w_150
食窦穴,https://image.dayi.org.cn/public/uploads/20190813/18d9157c3959960d677f16faf789025e.jpg?x-oss-process=image/resize,w_150
上关穴,https://www.dayi.org.cn/_nuxt/img/public.71b9260.jpg
外耳耳穴,https://image.dayi.org.cn/public/uploads/20190814/011ebe240e0ab3f1275da5a3baf3ecfd.jpg?x-oss-process=image/resize,w_150
少冲穴,https://image.dayi.org.cn/public/uploads/20180705/476f6e1a033c3bee28220596eab80e6d.png?x-oss-process=image/resize,w_150
大赫穴,https://image.dayi.org.cn/public/uploads/20190812/3f13b43750a3805e7671e548922f1731.jpg?x-oss-process=image/resize,w_150
髋骨穴,https://image.dayi.org.cn/img/20241125/b7c6256a59ac4448ad83eb7ce208b98f.jpg?x-oss-process=image/resize,w_150
鼠蹊穴,https://image.dayi.org.cn/public/uploads/20190813/1a5a1d48a39283af74bfce9057b6a613.jpg?x-oss-process=image/resize,w_150
内耳耳穴,https://image.dayi.org.cn/img/20241128/6abd226eb26b4f1da1becf95c954c21c.jpg?x-oss-process=image/resize,w_150
四神聪,https://image.dayi.org.cn/public/uploads/20180907/f45ccda549777dfb7987c7443c4f0d03.jpg?x-oss-process=image/resize,w_150
不容穴,https://image.dayi.org.cn/public/uploads/20190813/528a137956b9ecba9d1d5bc87ed52495.jpg?x-oss-process=image/resize,w_150
颈臂穴,https://image.dayi.org.cn/public/uploads/20190813/97927ae8cffbee623bc86fa17f6e2d71.jpg?x-oss-process=image/resize,w_150
神封穴,https://image.dayi.org.cn/public/uploads/20190708/ae929ab364acb4068983ce31e1807396.jpg?x-oss-process=image/resize,w_150
推拿穴位,https://www.dayi.org.cn/_nuxt/img/public.71b9260.jpg
灵台穴,https://image.dayi.org.cn/public/uploads/20180710/54307bb03f0be6649cf8c535f654a183.jpg?x-oss-process=image/resize,w_150
巨骨穴,https://image.dayi.org.cn/public/uploads/20180907/6b2227595b69703c3753aba8dbf07f1b.jpg?x-oss-process=image/resize,w_150
腮腺耳穴,https://image.dayi.org.cn/public/uploads/20190813/434e0cf7a0d2ef23bf9a358da6357670.jpg?x-oss-process=image/resize,w_150
天泉穴,https://image.dayi.org.cn/public/uploads/20190812/5d295e353045db9f400264c433165a10.jpg?x-oss-process=image/resize,w_150
闭孔穴,https://image.dayi.org.cn/public/uploads/20190813/4876c0cafd76a91fed17c52d7ee2eafe.jpg?x-oss-process=image/resize,w_150
紫宫穴,https://image.dayi.org.cn/public/uploads/20180710/01c39b750a8f438b409b5c905c0e3a06.jpg?x-oss-process=image/resize,w_150
大肠俞穴,https://image.dayi.org.cn/public/uploads/20190813/efd00896f417aa75013f229284e7fe4d.jpg?x-oss-process=image/resize,w_150
二扇门穴,https://www.dayi.org.cn/_nuxt/img/public.71b9260.jpg
关元俞穴,https://image.dayi.org.cn/public/uploads/20190813/f3767deb0466a036faebca48a0820488.jpg?x-oss-process=image/resize,w_150
灵墟穴,https://image.dayi.org.cn/public/uploads/20190709/8e360df95c149f6db7d641066e68690c.jpg?x-oss-process=image/resize,w_150
蠡沟穴,https://image.dayi.org.cn/public/uploads/20190814/adfe2dbc653bbe351a96b1edc54950c9.jpg?x-oss-process=image/resize,w_150
肩颈穴,https://image.dayi.org.cn/public/uploads/20190709/f4c22c26f756b8ea688ee8043ea71a2b.jpg?x-oss-process=image/resize,w_150
胰胆耳穴,https://image.dayi.org.cn/public/uploads/20190709/b679a81786cf7951c9b6d8b584ae69a6.jpg?x-oss-process=image/resize,w_150
悬颅穴,https://image.dayi.org.cn/public/uploads/20190812/9ba590eb59b238e50c0549e08d8cbc3b.jpg?x-oss-process=image/resize,w_150
小指尖穴,https://image.dayi.org.cn/public/uploads/20190813/262a21b3cf71996572c064e027ed501d.jpg?x-oss-process=image/resize,w_150
眼耳穴,https://image.dayi.org.cn/public/uploads/20190813/a6c2d64de4a912e18bfb4cfd883df01d.jpg?x-oss-process=image/resize,w_150
京门穴,https://image.dayi.org.cn/public/uploads/20190813/e95955ea54140a00c15099d1f741bc78.jpg?x-oss-process=image/resize,w_150
关门穴,https://image.dayi.org.cn/public/uploads/20190709/be8472905c9ff3e9b16eff2caa0e2231.jpg?x-oss-process=image/resize,w_150
志室穴,https://image.dayi.org.cn/public/uploads/20190814/edaafac28f64aa178ff92c278fcf8fc4.jpg?x-oss-process=image/resize,w_150
玉枕穴,https://www.dayi.org.cn/_nuxt/img/public.71b9260.jpg
四强穴,https://image.dayi.org.cn/public/uploads/20180705/dd704ebb23f9438a4c61d054b24098bb.jpg?x-oss-process=image/resize,w_150
颏髎穴,https://www.dayi.org.cn/_nuxt/img/public.71b9260.jpg
踝三针,https://image.dayi.org.cn/public/uploads/20190813/499f22841e463dc315cd772d50fcdcef.jpg?x-oss-process=image/resize,w_150
容后穴,https://www.dayi.org.cn/_nuxt/img/public.71b9260.jpg
譩譆穴,https://image.dayi.org.cn/public/uploads/20190814/41269933e677631ad06f76dfc8c819a7.jpg?x-oss-process=image/resize,w_150
阴交穴,https://image.dayi.org.cn/public/uploads/20190812/0f0d90413987118c61f321da757f2b23.jpg?x-oss-process=image/resize,w_150
膺窗穴,https://image.dayi.org.cn/public/uploads/20190709/7b3e0d4a5c5303798e67497ce03d4f9d.jpg?x-oss-process=image/resize,w_150
肺募穴,https://image.dayi.org.cn/public/uploads/20190812/5acbcb3963d3d28b41953be445965830.jpg?x-oss-process=image/resize,w_150
冲门穴,https://www.dayi.org.cn/_nuxt/img/public.71b9260.jpg
颈椎耳穴,https://image.dayi.org.cn/public/uploads/20180709/889fc63eebffe32918fe80781104bd3c.jpg?x-oss-process=image/resize,w_150
脊中穴,https://image.dayi.org.cn/public/uploads/20190814/d9b323eddcb3b86799c06e0d1d4697c6.jpg?x-oss-process=image/resize,w_150
气管耳穴,https://image.dayi.org.cn/public/uploads/20190813/5215a211506cdb8adc83498e2dca2f48.jpg?x-oss-process=image/resize,w_150
天窗穴,https://image.dayi.org.cn/public/uploads/20190813/9b567f5c8cea85c8bbe4bfccb0742e30.jpg?x-oss-process=image/resize,w_150
小趾尖穴,https://image.dayi.org.cn/public/uploads/20190709/00412a8ba0041fd109d870e90dff4617.jpg?x-oss-process=image/resize,w_150
维胞穴,https://image.dayi.org.cn/public/uploads/20190813/672f3d114de9baa4ca817d8cf990c223.jpg?x-oss-process=image/resize,w_150
纠内翻穴,https://image.dayi.org.cn/public/uploads/20190709/979e69b53f5950113e5e268b052975d4.jpg?x-oss-process=image/resize,w_150
上巨虚穴,https://image.dayi.org.cn/public/uploads/20190813/e44be2c482eba9b31d9969ba83573a11.jpg?x-oss-process=image/resize,w_150
天冲穴,https://image.dayi.org.cn/public/uploads/20190813/05269c427dbaa5c08d8874a9a58ef8a0.jpg?x-oss-process=image/resize,w_150
肩外俞穴,https://image.dayi.org.cn/public/uploads/20180809/6b232cbd3f0086a24cd616f2d263498b.jpg?x-oss-process=image/resize,w_150
艇中耳穴,https://image.dayi.org.cn/public/uploads/20190813/fc1356397e3c8143e9200360f6410cee.jpg?x-oss-process=image/resize,w_150
漏谷穴,https://www.dayi.org.cn/_nuxt/img/public.71b9260.jpg
辄筋穴,https://www.dayi.org.cn/_nuxt/img/public.71b9260.jpg
轮3耳穴,https://www.dayi.org.cn/_nuxt/img/public.71b9260.jpg
鼻交頞中穴,https://image.dayi.org.cn/public/uploads/20190812/185d9568b2a21f288de259e2ade939c2.jpg?x-oss-process=image/resize,w_150
曲鬓穴,https://www.dayi.org.cn/_nuxt/img/public.71b9260.jpg
舌下穴,https://image.dayi.org.cn/public/uploads/20190813/122a9c3f3400ab8c9cafb58809f1f0c2.jpg?x-oss-process=image/resize,w_150
颈百劳穴,https://image.dayi.org.cn/public/uploads/20190813/bc5bf0f30958a0b8ede97edb105eda9f.jpg?x-oss-process=image/resize,w_150
肾纹穴,https://image.dayi.org.cn/img/20250217/9300209080ca4baf88d68964539f66fd.jpg?x-oss-process=image/resize,w_150
大肠经穴,https://image.dayi.org.cn/public/uploads/20180907/810a0a2495acc84921694ef2bbc5be9c.jpg?x-oss-process=image/resize,w_150
完骨穴,https://www.dayi.org.cn/_nuxt/img/public.71b9260.jpg
百虫窝穴,https://image.dayi.org.cn/public/uploads/20190813/4ac2ca66aafe98c5cbd8ce8c073a5b5a.jpg?x-oss-process=image/resize,w_150
轮1耳穴,https://www.dayi.org.cn/_nuxt/img/public.71b9260.jpg
上溪穴,https://image.dayi.org.cn/public/uploads/20190813/1a3baa494b834d02cdaf484d91ffc35f.jpg?x-oss-process=image/resize,w_150
外鼻耳穴,https://www.dayi.org.cn/_nuxt/img/public.71b9260.jpg
本神穴,https://www.dayi.org.cn/_nuxt/img/public.71b9260.jpg
颔厌穴,https://image.dayi.org.cn/public/uploads/20190812/5c3fc0e60fe58e9d741ac5ee779ac7b7.jpg?x-oss-process=image/resize,w_150
上耳根耳穴,https://image.dayi.org.cn/public/uploads/20190812/64c5a53959b2f835d039d30587a08458.jpg?x-oss-process=image/resize,w_150
新设穴,https://image.dayi.org.cn/public/uploads/20190813/c71b851f85c62d747004072b47dbb763.jpg?x-oss-process=image/resize,w_150
乳腺耳穴,https://image.dayi.org.cn/public/uploads/20180809/9072eab0282c6142c622f6a9b6a46fd2.jpg?x-oss-process=image/resize,w_150
气穴穴,https://image.dayi.org.cn/public/uploads/20180705/4a5c7055b5d8c5e7b469752f116c126b.png?x-oss-process=image/resize,w_150
上廉穴,https://image.dayi.org.cn/public/uploads/20190813/277aca027270d565a7b58d2be191b93a.jpg?x-oss-process=image/resize,w_150
耳迷根耳穴,https://image.dayi.org.cn/public/uploads/20190814/c8f5eba197bcaab916f37782563e8865.jpg?x-oss-process=image/resize,w_150
胃三针,https://image.dayi.org.cn/public/uploads/20190814/a9eae7274eb91d3bec5fc947686c733d.jpg?x-oss-process=image/resize,w_150
天心穴,https://image.dayi.org.cn/public/uploads/20190813/616652fbc102f9df1fbc1d5244c71591.jpg?x-oss-process=image/resize,w_150
下痿痹,https://image.dayi.org.cn/public/uploads/20190813/7e25edd2f110cc5ec44dd2aaa444c384.jpg?x-oss-process=image/resize,w_150
头窍阴穴,https://image.dayi.org.cn/public/uploads/20180907/71cd0866f683f5bbe64820c9cb6c0980.jpg?x-oss-process=image/resize,w_150
屏尖耳穴,https://image.dayi.org.cn/public/uploads/20190813/096dc7d8a0d6680337a82b0b8993d019.jpg?x-oss-process=image/resize,w_150
神聪穴,https://image.dayi.org.cn/public/uploads/20180907/e61261e21c7b5aa79885fd27700551bb.jpg?x-oss-process=image/resize,w_150
呃逆点穴,https://image.dayi.org.cn/img/20241205/0700e808169642fda1a4d79773b4f5d0.jpg?x-oss-process=image/resize,w_150
环中穴,https://image.dayi.org.cn/public/uploads/20190708/80d162b2f72cf4f63fac1b5e24fff83d.jpg?x-oss-process=image/resize,w_150
上髎穴,https://image.dayi.org.cn/public/uploads/20190812/4afc60a87b9bee9fcdeb3afa885898f9.jpg?x-oss-process=image/resize,w_150
胁肋穴,https://image.dayi.org.cn/public/uploads/20190812/42b4279e0679bdc3cc279f8e91952030.jpg?x-oss-process=image/resize,w_150
天膻,https://image.dayi.org.cn/public/uploads/20190813/ba60ea3e7841ef0a20a2d9e25eabf69e.jpg?x-oss-process=image/resize,w_150
牙痛点耳穴,https://image.dayi.org.cn/public/uploads/20180907/f5c1ec6e49d5eed6adcacfbc5fc22525.jpg?x-oss-process=image/resize,w_150
神道穴,https://image.dayi.org.cn/public/uploads/20190813/4d7f7ea54da7ba5f70fffa4930368351.jpg?x-oss-process=image/resize,w_150
居髎穴,https://image.dayi.org.cn/public/uploads/20190812/5b5a669234b5e0bcc36c630ebe553c8e.jpg?x-oss-process=image/resize,w_150
里内庭穴,https://image.dayi.org.cn/public/uploads/20190813/01d5c4f116eb4a8f69d2afd8f632442f.jpg?x-oss-process=image/resize,w_150
颞耳穴,https://image.dayi.org.cn/public/uploads/20190709/51539179995408fffb9fafecf64f7732.jpg?x-oss-process=image/resize,w_150
耳后高骨穴,https://image.dayi.org.cn/public/uploads/20180704/d4f9001dd74ce814aebd75d64064bb17.png?x-oss-process=image/resize,w_150
陵后穴,https://image.dayi.org.cn/public/uploads/20180710/a59a90f3da6d17518155c623fa78f13e.jpg?x-oss-process=image/resize,w_150
高血压点耳穴,https://image.dayi.org.cn/public/uploads/20190813/eed5ac311fd354e591e41226c0b0a616.jpg?x-oss-process=image/resize,w_150
魂门穴,https://image.dayi.org.cn/public/uploads/20190814/b51aa558bfcd73cf1cd080932c14635e.jpg?x-oss-process=image/resize,w_150
脑干耳穴,https://image.dayi.org.cn/img/20250218/97706ef3e3514adfb26023a6ff331d70.jpg?x-oss-process=image/resize,w_150
浮白穴,https://image.dayi.org.cn/public/uploads/20190709/8711463350bc26d02d8c2690f3d61b02.jpg?x-oss-process=image/resize,w_150
曲泽穴,https://www.dayi.org.cn/_nuxt/img/public.71b9260.jpg
垂前耳穴,https://image.dayi.org.cn/public/uploads/20190813/ec8381af1b9949d88bc80bd4ee28ef9a.jpg?x-oss-process=image/resize,w_150
温溜穴,https://www.dayi.org.cn/_nuxt/img/public.71b9260.jpg
悬厘穴,https://image.dayi.org.cn/public/uploads/20190812/67fe8ea198df7e09dd9dbe289ee2a94e.jpg?x-oss-process=image/resize,w_150
面颊耳穴,https://www.dayi.org.cn/_nuxt/img/public.71b9260.jpg
肓俞穴,https://image.dayi.org.cn/public/uploads/20190814/1a39cda5dcf29a4103758596e6110400.jpg?x-oss-process=image/resize,w_150
阴廉穴,https://image.dayi.org.cn/public/uploads/20190709/1596d136cb226f96490053031ecf2518.jpg?x-oss-process=image/resize,w_150
背穴,https://image.dayi.org.cn/public/uploads/20190813/80b9d149a011d0309ed54fd8d7394231.jpg?x-oss-process=image/resize,w_150
筋缩穴,https://image.dayi.org.cn/public/uploads/20190812/386a5eb7e925250c94b3c996e20e2fcb.jpg?x-oss-process=image/resize,w_150
发际穴,https://image.dayi.org.cn/public/uploads/20190813/4400c89489937b3bb63757f0c0ee8636.jpg?x-oss-process=image/resize,w_150
支气管耳穴,https://image.dayi.org.cn/public/uploads/20190709/93649f3872b48abce5416c5348676cbc.jpg?x-oss-process=image/resize,w_150
心脏点耳穴,https://image.dayi.org.cn/img/20241122/641fc5b4af8748edadb1ee402314027c.jpg?x-oss-process=image/resize,w_150
疟疾点穴,https://image.dayi.org.cn/public/uploads/20180710/1d594411e07378fb654de6aad96062da.jpg?x-oss-process=image/resize,w_150
腹通谷穴,https://image.dayi.org.cn/public/uploads/20190813/8727c89824ab46f7c7c2f65dbcd9e808.jpg?x-oss-process=image/resize,w_150
跗阳穴,https://image.dayi.org.cn/public/uploads/20190814/4aa13077657f24dde47a71890d14133a.jpg?x-oss-process=image/resize,w_150
言语三区,https://image.dayi.org.cn/public/uploads/20190812/b3a7c2e05c420683084a0e0f4bff99f0.jpg?x-oss-process=image/resize,w_150
八风,https://image.dayi.org.cn/public/uploads/20190813/73df9ab5455ec5e8d53cca67a7b4c3cb.jpg?x-oss-process=image/resize,w_150
乳旁穴,https://image.dayi.org.cn/public/uploads/20190812/96acf06c4380925e8ebdd9ab7e55b589.jpg?x-oss-process=image/resize,w_150
顶旁一线,https://www.dayi.org.cn/_nuxt/img/public.71b9260.jpg
脊背五穴,https://www.dayi.org.cn/_nuxt/img/public.71b9260.jpg
外丘穴,https://image.dayi.org.cn/public/uploads/20190814/d3dbf09da15c55e5f972701f2746be77.jpg?x-oss-process=image/resize,w_150
耳和髎穴,https://image.dayi.org.cn/public/uploads/20190812/cc1f6bfba11fb8ded47b14d109c8d60b.jpg?x-oss-process=image/resize,w_150
小儿鸡胸穴,https://image.dayi.org.cn/public/uploads/20180907/b4c87ecda1413f1d7048e7c5f628d173.jpg?x-oss-process=image/resize,w_150
耳上穴,https://image.dayi.org.cn/public/uploads/20190813/146f5d33de3e5219f5ea177f9b0e9765.jpg?x-oss-process=image/resize,w_150
手太阳穴,https://www.dayi.org.cn/_nuxt/img/public.71b9260.jpg
龈交穴,https://image.dayi.org.cn/public/uploads/20190812/c1dbd7da6105a382073f68f41675bef3.jpg?x-oss-process=image/resize,w_150
阁门穴,https://image.dayi.org.cn/img/20250217/da0ebd71e03d44b2b5df38cae79d88e3.jpg?x-oss-process=image/resize,w_150
卵巢2耳穴,https://image.dayi.org.cn/public/uploads/20190812/59e4a565a8add5f7c9b27765f88c1930.jpg?x-oss-process=image/resize,w_150
肩耳穴,https://www.dayi.org.cn/_nuxt/img/public.71b9260.jpg
秩边穴,https://image.dayi.org.cn/public/uploads/20190709/4b1e41ced4880a9daad6b72deb5b0459.jpg?x-oss-process=image/resize,w_150
趾耳穴,https://image.dayi.org.cn/public/uploads/20190709/a15b738ee0817478438141f4b990436a.jpg?x-oss-process=image/resize,w_150
肘耳穴,https://image.dayi.org.cn/public/uploads/20190709/5e8dc284b760ab5cbf9af5b0e8db2d54.jpg?x-oss-process=image/resize,w_150
痔核点耳穴,https://image.dayi.org.cn/public/uploads/20190709/39f47f09f080b3c6d69c5a6d67d02690.jpg?x-oss-process=image/resize,w_150
醉点耳穴,https://www.dayi.org.cn/_nuxt/img/public.71b9260.jpg
舌耳穴,https://image.dayi.org.cn/public/uploads/20190709/4159b22354bb76f4db54e52b868b6310.jpg?x-oss-process=image/resize,w_150
胸椎耳穴,https://image.dayi.org.cn/public/uploads/20190709/3d36947e8823bd295c663a940d6d0caf.jpg?x-oss-process=image/resize,w_150
外生殖器耳穴,https://www.dayi.org.cn/_nuxt/img/public.71b9260.jpg
膀胱耳穴,https://image.dayi.org.cn/public/uploads/20190709/1ea0addeaa85d739934508170efdf2c4.jpg?x-oss-process=image/resize,w_150
腕耳穴,https://image.dayi.org.cn/public/uploads/20190709/202511927c24b9df2cfb8eaed1fa40c2.jpg?x-oss-process=image/resize,w_150
艇角耳穴,https://image.dayi.org.cn/public/uploads/20190709/b3e3384912130862b0510f5359233160.jpg?x-oss-process=image/resize,w_150
升压点1耳穴,https://image.dayi.org.cn/public/uploads/20190709/2cbb01db8e9970f2f99f7da4f8f0b349.jpg?x-oss-process=image/resize,w_150
肾炎点耳穴,https://image.dayi.org.cn/public/uploads/20190708/016575427c4a776475dce9869cec73c0.jpg?x-oss-process=image/resize,w_150
胸耳穴,https://image.dayi.org.cn/public/uploads/20190709/604472694ee64ce0744ae3eae47ec77e.jpg?x-oss-process=image/resize,w_150
轮6耳穴,https://image.dayi.org.cn/public/uploads/20190709/28caf853d6d80950fe9b436bc6242fdb.jpg?x-oss-process=image/resize,w_150
轮5耳穴,https://image.dayi.org.cn/public/uploads/20190709/bce425cc654bdd7347332ea7d4d20aa3.jpg?x-oss-process=image/resize,w_150
尿道耳穴,https://image.dayi.org.cn/public/uploads/20190709/4cab87403426a800cc941d392e181ffc.jpg?x-oss-process=image/resize,w_150
轮2耳穴,https://www.dayi.org.cn/_nuxt/img/public.71b9260.jpg
渴点耳穴,https://www.dayi.org.cn/_nuxt/img/public.71b9260.jpg
颈感耳穴,https://www.dayi.org.cn/_nuxt/img/public.71b9260.jpg
轮4耳穴,https://www.dayi.org.cn/_nuxt/img/public.71b9260.jpg
肝阳2耳穴,https://image.dayi.org.cn/public/uploads/20190709/18732a6623d1c9dd7e0725d3d8a9b81c.jpg?x-oss-process=image/resize,w_150
肝炎区,https://image.dayi.org.cn/public/uploads/20190709/b46ee3e4383675383c94ecb71b517cf9.jpg?x-oss-process=image/resize,w_150
耳背臀耳穴,https://www.dayi.org.cn/_nuxt/img/public.71b9260.jpg
跟耳穴,https://www.dayi.org.cn/_nuxt/img/public.71b9260.jpg
上屏耳穴,https://image.dayi.org.cn/public/uploads/20190709/2136574d68b1b0472081e4e158d5d278.jpg?x-oss-process=image/resize,w_150
髋耳穴,https://www.dayi.org.cn/_nuxt/img/public.71b9260.jpg
腘窝耳穴,https://www.dayi.org.cn/_nuxt/img/public.71b9260.jpg
腓肠耳穴,https://www.dayi.org.cn/_nuxt/img/public.71b9260.jpg
耳背上腹耳穴,https://image.dayi.org.cn/public/uploads/20190708/3d12914e2d9a8cac0a9c7f8a533ed6b1.jpg?x-oss-process=image/resize,w_150
屏间后耳穴,https://image.dayi.org.cn/public/uploads/20190709/47eef346a79c068836ef9343eb021185.jpg?x-oss-process=image/resize,w_150
踝耳穴,https://www.dayi.org.cn/_nuxt/img/public.71b9260.jpg
牙耳穴,https://www.dayi.org.cn/_nuxt/img/public.71b9260.jpg
血液点耳穴,https://image.dayi.org.cn/public/uploads/20190709/819dcedc1e33f90d3e5639f56eb3f6f9.jpg?x-oss-process=image/resize,w_150
上腭耳穴,https://www.dayi.org.cn/_nuxt/img/public.71b9260.jpg
降压沟耳穴,https://www.dayi.org.cn/_nuxt/img/public.71b9260.jpg
口耳穴,https://image.dayi.org.cn/public/uploads/20190709/be0fa2d32969b0e70734021997ec239b.jpg?x-oss-process=image/resize,w_150
溃疡耳穴,https://www.dayi.org.cn/_nuxt/img/public.71b9260.jpg
肩疼耳穴,https://www.dayi.org.cn/_nuxt/img/public.71b9260.jpg
腹水点耳穴,https://www.dayi.org.cn/_nuxt/img/public.71b9260.jpg
脊柱耳穴,https://www.dayi.org.cn/_nuxt/img/public.71b9260.jpg
耳明耳穴,https://www.dayi.org.cn/_nuxt/img/public.71b9260.jpg
肺点耳穴,https://image.dayi.org.cn/public/uploads/20190709/1653549a547c09a57b10e8dc9a4878c6.jpg?x-oss-process=image/resize,w_150
肝炎点1耳穴,https://www.dayi.org.cn/_nuxt/img/public.71b9260.jpg
医伦耳穴,https://www.dayi.org.cn/_nuxt/img/public.71b9260.jpg
腋下耳穴,https://image.dayi.org.cn/public/uploads/20190709/c2d40926365e5ca4cb771c3d649d9525.jpg?x-oss-process=image/resize,w_150
医山耳穴,https://www.dayi.org.cn/_nuxt/img/public.71b9260.jpg
中枢耳穴,https://image.dayi.org.cn/public/uploads/20190709/4c4b1d19b465137730e97706514f04d1.jpg?x-oss-process=image/resize,w_150
肿瘤特异区1耳穴,https://www.dayi.org.cn/_nuxt/img/public.71b9260.jpg
止痛点耳穴,https://www.dayi.org.cn/_nuxt/img/public.71b9260.jpg
镇静耳穴,https://www.dayi.org.cn/_nuxt/img/public.71b9260.jpg
臀耳穴,https://image.dayi.org.cn/public/uploads/20190709/032697dfc9defcca8ab4aeea6ab8462f.jpg?x-oss-process=image/resize,w_150
下垂点耳穴,https://www.dayi.org.cn/_nuxt/img/public.71b9260.jpg
下肢耳穴,https://www.dayi.org.cn/_nuxt/img/public.71b9260.jpg
下腹耳穴,https://www.dayi.org.cn/_nuxt/img/public.71b9260.jpg
小肠耳穴,https://www.dayi.org.cn/_nuxt/img/public.71b9260.jpg
血吸虫线耳穴,https://www.dayi.org.cn/_nuxt/img/public.71b9260.jpg
天顶耳穴,https://image.dayi.org.cn/public/uploads/20190709/d439195057a23a9df1700fab5e505089.jpg?x-oss-process=image/resize,w_150
头痛3耳穴,https://www.dayi.org.cn/_nuxt/img/public.71b9260.jpg
头痛2耳穴,https://www.dayi.org.cn/_nuxt/img/public.71b9260.jpg
头痛1耳穴,https://image.dayi.org.cn/public/uploads/20190709/52281b6c3deca4e9eec2ddc82f2e923b.jpg?x-oss-process=image/resize,w_150
阑尾耳穴,https://www.dayi.org.cn/_nuxt/img/public.71b9260.jpg
感冒耳穴,https://www.dayi.org.cn/_nuxt/img/public.71b9260.jpg
耳背下腹耳穴,https://image.dayi.org.cn/public/uploads/20190708/4b5cf7825809fe3c741e7cec0efc62d4.jpg?x-oss-process=image/resize,w_150
中腹耳穴,https://image.dayi.org.cn/public/uploads/20190708/0181395360a84068d3c6cfe56fbff7f2.jpg?x-oss-process=image/resize,w_150
枕小神经耳穴,https://www.dayi.org.cn/_nuxt/img/public.71b9260.jpg
太阳耳穴,https://image.dayi.org.cn/public/uploads/20190709/3d076e3b303a760da7236812028f87e1.jpg?x-oss-process=image/resize,w_150
肾胞耳穴,https://www.dayi.org.cn/_nuxt/img/public.71b9260.jpg
上腹耳穴,https://www.dayi.org.cn/_nuxt/img/public.71b9260.jpg
上颌耳穴,https://image.dayi.org.cn/public/uploads/20190709/b0be1d44cdcf71fca947ad9f57d92c84.jpg?x-oss-process=image/resize,w_150
下颌耳穴,https://www.dayi.org.cn/_nuxt/img/public.71b9260.jpg
下腭耳穴,https://www.dayi.org.cn/_nuxt/img/public.71b9260.jpg
屏间前耳穴,https://image.dayi.org.cn/public/uploads/20190709/819c4b89d441770b1889c1c6329f7b52.jpg?x-oss-process=image/resize,w_150
兴奋点耳穴,https://image.dayi.org.cn/public/uploads/20190709/f6fc5c326994e480819ad6de4b973739.jpg?x-oss-process=image/resize,w_150
输尿管耳穴,https://www.dayi.org.cn/_nuxt/img/public.71b9260.jpg
目1耳穴,https://www.dayi.org.cn/_nuxt/img/public.71b9260.jpg
甲状腺2耳穴,https://www.dayi.org.cn/_nuxt/img/public.71b9260.jpg
腹外耳穴,https://image.dayi.org.cn/public/uploads/20190709/1f2af5cbe676a66951890b91625f867e.jpg?x-oss-process=image/resize,w_150
甲状腺1耳穴,https://www.dayi.org.cn/_nuxt/img/public.71b9260.jpg
股关耳穴,https://image.dayi.org.cn/public/uploads/20190709/7acbf3737fa2e825ccce15f3a6ccaf92.jpg?x-oss-process=image/resize,w_150
卵巢耳穴,https://www.dayi.org.cn/_nuxt/img/public.71b9260.jpg
腹耳穴,https://www.dayi.org.cn/_nuxt/img/public.71b9260.jpg
睾丸耳穴,https://www.dayi.org.cn/_nuxt/img/public.71b9260.jpg
肺平耳穴,https://image.dayi.org.cn/public/uploads/20190814/4047955425ae5799cd12c4c60511b681.jpg?x-oss-process=image/resize,w_150
耳背脾耳穴,https://www.dayi.org.cn/_nuxt/img/public.71b9260.jpg
角窝上耳穴,https://www.dayi.org.cn/_nuxt/img/public.71b9260.jpg
颈耳穴,https://www.dayi.org.cn/_nuxt/img/public.71b9260.jpg
耳背肾耳穴,https://image.dayi.org.cn/public/uploads/20190814/a72d0976133f19a365c2053579aaaeaf.jpg?x-oss-process=image/resize,w_150
颌耳穴,https://www.dayi.org.cn/_nuxt/img/public.71b9260.jpg
耳背肝耳穴,https://image.dayi.org.cn/public/uploads/20180907/de649a50d96385a5e96cec16e955fe8e.jpg?x-oss-process=image/resize,w_150
对屏尖耳穴,https://image.dayi.org.cn/public/uploads/20190812/b6e95bd98da12ffc9f92daa43ad2d226.jpg?x-oss-process=image/resize,w_150
耳背肺耳穴,https://image.dayi.org.cn/public/uploads/20190813/c64dd993da0d8ca470d701a0b1d87a43.jpg?x-oss-process=image/resize,w_150
肿瘤特异区2耳穴,https://image.dayi.org.cn/public/uploads/20190813/cd31d26e167227098e8c9931ba6c15ca.jpg?x-oss-process=image/resize,w_150
风湿线耳穴,https://image.dayi.org.cn/public/uploads/20190813/56239c47f2ab5f4934d5512d0b39ffe2.jpg?x-oss-process=image/resize,w_150
矽肺点耳穴,https://image.dayi.org.cn/public/uploads/20190813/c3ae5050affca0e0897afbafbf38e311.jpg?x-oss-process=image/resize,w_150
头昏耳穴,https://image.dayi.org.cn/public/uploads/20190812/82f74b199a03916bbd5d6c164ceed1c6.jpg?x-oss-process=image/resize,w_150
卵巢1耳穴,https://image.dayi.org.cn/public/uploads/20180907/63b0c9c612392b96f8e2ce9d47a08f46.jpg?x-oss-process=image/resize,w_150
耳背阑尾耳穴,https://image.dayi.org.cn/public/uploads/20190812/b1d03a44f0e3512851097e322df83745.jpg?x-oss-process=image/resize,w_150
肝炎点2耳穴,https://image.dayi.org.cn/public/uploads/20190812/6c06d899f474e0eb950bb258625a33de.jpg?x-oss-process=image/resize,w_150
疟区耳穴,https://image.dayi.org.cn/public/uploads/20190814/6d870343c7c2163c629e8147a91f7439.jpg?x-oss-process=image/resize,w_150
小肠点穴（手针）,https://image.dayi.org.cn/public/uploads/20180907/d3fae1387228a2e1fa9f2f9037128083.jpg?x-oss-process=image/resize,w_150
肝肿大区耳穴,https://image.dayi.org.cn/public/uploads/20190812/b66ab3dd38cdeaa1c316ea91d1ff7a5a.jpg?x-oss-process=image/resize,w_150
扁桃体耳穴,https://image.dayi.org.cn/public/uploads/20190812/04ea28eb606713da64521c16cb23f68f.jpg?x-oss-process=image/resize,w_150
督俞穴,https://image.dayi.org.cn/public/uploads/20190812/4fd720052392268dce8859f9a3be3ef6.jpg?x-oss-process=image/resize,w_150
肓门穴,https://image.dayi.org.cn/public/uploads/20190812/f21d73c4840c32f34eca8008602ab599.jpg?x-oss-process=image/resize,w_150
消泺穴,https://image.dayi.org.cn/public/uploads/20190812/1e8c2aeaf00ae210edc3b64307793ca4.jpg?x-oss-process=image/resize,w_150
肘髎穴,https://image.dayi.org.cn/img/20250224/72a1d0adaf834236a6744f1c0a57b9b8.jpg?x-oss-process=image/resize,w_150
五枢穴,https://image.dayi.org.cn/public/uploads/20180704/c392c7d370292d903630755e0e707356.png?x-oss-process=image/resize,w_150
商曲穴,https://image.dayi.org.cn/public/uploads/20180907/0c2a1cc85b7d99bbebbe76973a9a7b4a.jpg?x-oss-process=image/resize,w_150
臑俞穴,https://image.dayi.org.cn/public/uploads/20190812/bde16b894f8828cf3fcacd0a2623724e.jpg?x-oss-process=image/resize,w_150
臑会穴,https://image.dayi.org.cn/public/uploads/20190812/d5aa3380539a8515ed5194dd562e8f84.jpg?x-oss-process=image/resize,w_150
大钟穴,https://image.dayi.org.cn/public/uploads/20190812/cf78d8e6b227730005f64bea4151c8ba.jpg?x-oss-process=image/resize,w_150
库房穴,https://image.dayi.org.cn/public/uploads/20190812/852c15b30ca41037fb17b66a48409699.jpg?x-oss-process=image/resize,w_150
浮郄穴,https://image.dayi.org.cn/public/uploads/20180907/98c354bf3cce56d1c29e8e4dd7d7f2e7.jpg?x-oss-process=image/resize,w_150
天府穴,https://image.dayi.org.cn/public/uploads/20190813/78a0cca88088b16e05da380e55edf782.jpg?x-oss-process=image/resize,w_150
悬枢穴,https://image.dayi.org.cn/public/uploads/20190813/ab0a89c7a44c108fa40e1015c0588397.jpg?x-oss-process=image/resize,w_150
建里穴,https://image.dayi.org.cn/public/uploads/20190813/f5e49e61ec226588c61138b7c3844102.jpg?x-oss-process=image/resize,w_150
伴星穴,https://image.dayi.org.cn/public/uploads/20190812/689c5966a0b568d7338d4da27a60b5d7.jpg?x-oss-process=image/resize,w_150
鼻流穴,https://image.dayi.org.cn/public/uploads/20190812/50e286007b5130e8f5f4605f4d29556b.jpg?x-oss-process=image/resize,w_150
交信穴,https://image.dayi.org.cn/public/uploads/20190812/2157cc7229e22dfaba98e427f7a8f967.jpg?x-oss-process=image/resize,w_150
附分穴,https://image.dayi.org.cn/public/uploads/20190812/a5f38cedeb1165811424ed734198d93e.jpg?x-oss-process=image/resize,w_150
厥阴俞穴,https://image.dayi.org.cn/public/uploads/20180907/062de8dd057afc0de924ea52e0ba62d4.jpg?x-oss-process=image/resize,w_150
横骨穴,https://image.dayi.org.cn/public/uploads/20190812/ad39af65baa3a557aa1f91006577a522.jpg?x-oss-process=image/resize,w_150
腹哀穴,https://image.dayi.org.cn/public/uploads/20180907/6b53090867469ac8f1b10366d678ead9.jpg?x-oss-process=image/resize,w_150
八华穴,https://image.dayi.org.cn/public/uploads/20180705/cfa1b57092ad643e8f0152488bd60788.png?x-oss-process=image/resize,w_150
陶道穴,https://image.dayi.org.cn/public/uploads/20190813/679f00b32038232771825dabf87edbe7.jpg?x-oss-process=image/resize,w_150
薜息穴,https://image.dayi.org.cn/public/uploads/20190814/e07997d3ef1aafd1fd0e0c5add153b9e.jpg?x-oss-process=image/resize,w_150
渊腋穴,https://image.dayi.org.cn/public/uploads/20190813/221ce9a6e4b6d628adc71e594a26374e.jpg?x-oss-process=image/resize,w_150
阳纲穴,https://image.dayi.org.cn/public/uploads/20190814/a6559af90996ddafc6dc177201bc93b6.jpg?x-oss-process=image/resize,w_150
下髎穴,https://image.dayi.org.cn/public/uploads/20190813/2d591fd01f2baa0eca373eb916b7ba88.jpg?x-oss-process=image/resize,w_150
胃仓穴,https://image.dayi.org.cn/public/uploads/20190812/2a20ebaaa6c1e3916b95ab618ee15088.jpg?x-oss-process=image/resize,w_150
阴都穴,https://image.dayi.org.cn/public/uploads/20190814/e619b1eae1142f7aee241ee934c54f5e.jpg?x-oss-process=image/resize,w_150
正营穴,https://image.dayi.org.cn/public/uploads/20190812/38423ea9a52008bfb12c9a4378bd01e4.jpg?x-oss-process=image/resize,w_150
胸乡穴,https://image.dayi.org.cn/public/uploads/20180907/480da40c5f78a68e0a72964b2da01898.jpg?x-oss-process=image/resize,w_150
意舍穴,https://image.dayi.org.cn/public/uploads/20190812/35ed654d4b9f3b37ac2215c755bc924e.jpg?x-oss-process=image/resize,w_150
屋翳穴,https://image.dayi.org.cn/public/uploads/20180907/1ee80228f080d3b02a880bf1f0543c50.jpg?x-oss-process=image/resize,w_150
天牖穴,https://image.dayi.org.cn/public/uploads/20190813/e14569c7ccceb4e7e7142e7b91a385f1.jpg?x-oss-process=image/resize,w_150
四渎穴,https://image.dayi.org.cn/public/uploads/20190813/a5ae1b3f154a1df76d88ab3c157a0a7d.jpg?x-oss-process=image/resize,w_150
瘈脉穴,https://image.dayi.org.cn/public/uploads/20180907/937329eabcf51b71a37cea0f734e5642.jpg?x-oss-process=image/resize,w_150
石关穴,https://image.dayi.org.cn/public/uploads/20190813/e51550a409589c27d6151939ac6e017e.jpg?x-oss-process=image/resize,w_150
神堂穴,https://image.dayi.org.cn/public/uploads/20190813/fb7db3c97daf93fd646382bcd6d2cc37.jpg?x-oss-process=image/resize,w_150
八曜穴,https://image.dayi.org.cn/public/uploads/20180907/3be6498f208050738546d2921f5b0f04.jpg?x-oss-process=image/resize,w_150
下腰穴,https://image.dayi.org.cn/img/20241125/8c10e5f50aec4a60a3dfdc4b4e6a0651.jpg?x-oss-process=image/resize,w_150
当阳穴,https://image.dayi.org.cn/public/uploads/20180907/a73977e5e8865252ab6db6b2ea14e6cb.jpg?x-oss-process=image/resize,w_150
鼻环穴,https://image.dayi.org.cn/public/uploads/20190812/1318fdff56a44ec128b84060f3b02a04.jpg?x-oss-process=image/resize,w_150
崇骨穴,https://image.dayi.org.cn/public/uploads/20190813/0d1b157a204ca7cecf7511a013a5510f.jpg?x-oss-process=image/resize,w_150
颊里穴,https://image.dayi.org.cn/public/uploads/20190813/2415c8dcb3eaf2e57ecc6af5ee3fab52.jpg?x-oss-process=image/resize,w_150
上廉泉穴,https://image.dayi.org.cn/public/uploads/20190813/58761c098ce1259f7d900147c5822662.jpg?x-oss-process=image/resize,w_150
巨阙俞穴,https://image.dayi.org.cn/public/uploads/20190813/70d97896bdc8acafeffe24890cddd531.jpg?x-oss-process=image/resize,w_150
脐中四边穴,https://image.dayi.org.cn/public/uploads/20190812/e0d623849f82cef1f9c31e828d27226f.jpg?x-oss-process=image/resize,w_150
侠承浆穴,https://image.dayi.org.cn/public/uploads/20190813/e2f6f09c890bbbe17f477cb9dfffc6af.jpg?x-oss-process=image/resize,w_150
内迎香穴,https://image.dayi.org.cn/public/uploads/20180704/b436b596ee651e5bb9086ba8875a886a.jpg?x-oss-process=image/resize,w_150
下极俞穴,https://image.dayi.org.cn/public/uploads/20190812/0fb0c00effd1b19f2268ad0a170d5023.jpg?x-oss-process=image/resize,w_150
龙颔穴,https://image.dayi.org.cn/public/uploads/20180704/6e896a81625746c983d731e2b9ac7ab4.jpg?x-oss-process=image/resize,w_150
经中穴,https://image.dayi.org.cn/public/uploads/20190813/5d57b733e462cece31b9823f4a678c2c.jpg?x-oss-process=image/resize,w_150
疟门穴,https://image.dayi.org.cn/public/uploads/20190813/fae0074b051232e669237cf6c861cde9.jpg?x-oss-process=image/resize,w_150
血压点穴,https://image.dayi.org.cn/public/uploads/20190813/e455a947b2341945bc220ef6756c6515.jpg?x-oss-process=image/resize,w_150
肱中穴,https://image.dayi.org.cn/public/uploads/20190813/4d1c3b689b9c6d38b6746a0435d5dd35.jpg?x-oss-process=image/resize,w_150
承筋穴,https://image.dayi.org.cn/public/uploads/20190813/358e9056bd0656605197ba0eb2a90ce0.jpg?x-oss-process=image/resize,w_150
水道穴,https://image.dayi.org.cn/public/uploads/20190813/2bfe361f2bbd444a09f8eb8d671519d5.jpg?x-oss-process=image/resize,w_150
关兔穴,https://image.dayi.org.cn/public/uploads/20190813/418f3134d4a15ad1c624410dbff05590.jpg?x-oss-process=image/resize,w_150
鼻交穴,https://image.dayi.org.cn/public/uploads/20190812/4cb2d3b80f0d074d34a6b95852e7f460.jpg?x-oss-process=image/resize,w_150
手逆注穴,https://image.dayi.org.cn/public/uploads/20190813/9474cf84f8452e5141849527602b928e.jpg?x-oss-process=image/resize,w_150
气端穴,https://image.dayi.org.cn/public/uploads/20190813/a376a9c457a1c571b3c78ec99d386686.jpg?x-oss-process=image/resize,w_150
骑竹马穴,https://image.dayi.org.cn/public/uploads/20190812/58262657e43c431f40c2412f09cfe056.jpg?x-oss-process=image/resize,w_150
聚泉穴,https://image.dayi.org.cn/public/uploads/20190814/c0bfdbde53e0c2b56be79ea2827a42c6.jpg?x-oss-process=image/resize,w_150
承满穴,https://image.dayi.org.cn/img/20241205/1d2ba0f562b34b75ac96f1f50e45bfe7.jpg?x-oss-process=image/resize,w_150
膈关穴,https://image.dayi.org.cn/public/uploads/20190812/1a9a380298d3e8c22d2baa7e7c46badb.jpg?x-oss-process=image/resize,w_150
头光明穴,https://image.dayi.org.cn/public/uploads/20190812/eb2965e714a7c49d758ff187e91ffc38.jpg?x-oss-process=image/resize,w_150
夺命穴,https://image.dayi.org.cn/public/uploads/20190813/2aead92480f2b8e744f1ce9c97f2944e.jpg?x-oss-process=image/resize,w_150
新建穴,https://image.dayi.org.cn/public/uploads/20190813/441a1cb8825161315db92b7c8a33273a.jpg?x-oss-process=image/resize,w_150
燕口穴,https://image.dayi.org.cn/public/uploads/20190813/adaca28fbe4ebe53d634308f01ec16ab.jpg?x-oss-process=image/resize,w_150
定神穴,https://image.dayi.org.cn/public/uploads/20180704/59d9cf9606fe0e663a4bb1130414ffa6.png?x-oss-process=image/resize,w_150
肠遗穴,https://image.dayi.org.cn/public/uploads/20190812/89955ec55be126e72080cf15099e9c8b.jpg?x-oss-process=image/resize,w_150
血门穴,https://image.dayi.org.cn/public/uploads/20180907/7b86924c2f76b9d738001fdd0b8e667a.jpg?x-oss-process=image/resize,w_150
内太冲穴,https://image.dayi.org.cn/public/uploads/20190812/77d9d2a3cef8cf44d93cc599da7231b5.jpg?x-oss-process=image/resize,w_150
内至阴穴,https://image.dayi.org.cn/img/20250305/db5211cc7d7b489895b64aea857fbda2.jpg?x-oss-process=image/resize,w_150
理想刺点穴,https://image.dayi.org.cn/public/uploads/20190813/a4acf237a5426308b29c4f71c0951b6f.jpg?x-oss-process=image/resize,w_150
鼻柱穴,https://image.dayi.org.cn/public/uploads/20190812/e6bdc501f83c1b859d919b5f3be6672d.jpg?x-oss-process=image/resize,w_150
八椎下穴,https://image.dayi.org.cn/public/uploads/20190813/5180a27d6db8cb7a16046ca4707f5fc5.jpg?x-oss-process=image/resize,w_150
唇里穴,https://image.dayi.org.cn/public/uploads/20190813/c774c9fc427a83d601d7c0d183351a2e.jpg?x-oss-process=image/resize,w_150
外阴廉穴,https://image.dayi.org.cn/public/uploads/20190813/d91eaac607ae268bb825d28d36366491.jpg?x-oss-process=image/resize,w_150
寸平穴,https://image.dayi.org.cn/public/uploads/20190813/5aa80606614bd46e7540ae07895d5c9b.jpg?x-oss-process=image/resize,w_150
大指节横纹穴,https://image.dayi.org.cn/public/uploads/20190813/65ec55f538ae884dc541ff8f6028c140.jpg?x-oss-process=image/resize,w_150
鼻眼净耳穴,https://image.dayi.org.cn/public/uploads/20190813/39b04e34ccb50d3aab77fda6747b18f3.jpg?x-oss-process=image/resize,w_150
中膂俞穴,https://image.dayi.org.cn/public/uploads/20190814/6de7ff07e24fbf55c4661e83ec4808a9.jpg?x-oss-process=image/resize,w_150
彧中穴,https://image.dayi.org.cn/public/uploads/20190813/3fdafb3e009342af8bf519b639c75b1c.jpg?x-oss-process=image/resize,w_150
臑上穴,https://image.dayi.org.cn/public/uploads/20190813/60c7bdab8fac17c8215ac68ed27f2b60.jpg?x-oss-process=image/resize,w_150
耳垂穴,https://image.dayi.org.cn/public/uploads/20190813/667920fc1a8dd098e56b9301c66831af.jpg?x-oss-process=image/resize,w_150
建明1穴,https://image.dayi.org.cn/public/uploads/20190813/31f83c64e076b47a07219ad2d3b9a96c.jpg?x-oss-process=image/resize,w_150
健明2穴,https://image.dayi.org.cn/public/uploads/20190812/a341e827ab0b3eb9458d655ffdafc317.jpg?x-oss-process=image/resize,w_150
健明3穴,https://image.dayi.org.cn/public/uploads/20190813/e086ad6e09d53eadc70dc6beef645051.jpg?x-oss-process=image/resize,w_150
健明穴,https://image.dayi.org.cn/public/uploads/20190812/a620fe38de09431250433a5dd1053006.jpg?x-oss-process=image/resize,w_150
青灵穴,https://image.dayi.org.cn/public/uploads/20190813/8bc909ea02b84f1f6a5dca04f6ccf008.jpg?x-oss-process=image/resize,w_150
曲差穴,https://www.dayi.org.cn/_nuxt/img/public.71b9260.jpg
魄户穴,https://image.dayi.org.cn/public/uploads/20190812/1cd5058b957dfcc6bf764e646732b2f9.jpg?x-oss-process=image/resize,w_150
气海俞穴,https://image.dayi.org.cn/public/uploads/20190812/0f7946c8be6f260a7f7a3b6b564d334a.jpg?x-oss-process=image/resize,w_150
眉冲穴,https://image.dayi.org.cn/public/uploads/20180907/58549e1dcad9b031c252c5825a71805f.jpg?x-oss-process=image/resize,w_150
目窗穴,https://image.dayi.org.cn/public/uploads/20190813/6eb12b15dfedb72e59ff888f23a71766.jpg?x-oss-process=image/resize,w_150
耳后静脉三条穴,https://image.dayi.org.cn/public/uploads/20190812/24f0d4bbb94b67eb7019a2c974db1c4a.jpg?x-oss-process=image/resize,w_150
肝炎点穴,https://image.dayi.org.cn/public/uploads/20190812/62b87f1d1e4315ac41cc88120b2fea1a.jpg?x-oss-process=image/resize,w_150
肩痛耳穴,https://image.dayi.org.cn/public/uploads/20190812/d6b8509ad2742d6dea2eff2985e91e7e.jpg?x-oss-process=image/resize,w_150
额耳穴,https://image.dayi.org.cn/public/uploads/20180709/2f5d77c608a12069f62ce7e1599ed8a6.jpg?x-oss-process=image/resize,w_150
激素点耳穴,https://image.dayi.org.cn/public/uploads/20190812/d1bc574ef67a334b848655fce0bc9f54.jpg?x-oss-process=image/resize,w_150
足膀胱穴,https://image.dayi.org.cn/public/uploads/20190812/4b25039820217ea708133af012d1f2ed.jpg?x-oss-process=image/resize,w_150
松肌点耳穴,https://image.dayi.org.cn/public/uploads/20190813/f7cd5313f58efd20e77b9d5d3481b168.jpg?x-oss-process=image/resize,w_150
大肠耳穴,https://image.dayi.org.cn/public/uploads/20190812/0e54694b4a19bd2b9d4b4f7aa768bd61.jpg?x-oss-process=image/resize,w_150
下屏耳穴,https://image.dayi.org.cn/public/uploads/20190812/4731df726028048d7bd91d58ab399f05.jpg?x-oss-process=image/resize,w_150
精宁穴,https://image.dayi.org.cn/public/uploads/20190812/8412360b663d2cc681a20ac6c314bc31.jpg?x-oss-process=image/resize,w_150
一窝风穴,https://image.dayi.org.cn/public/uploads/20190812/a4f0f5e3489f6a034905d76d9933bca1.jpg?x-oss-process=image/resize,w_150
风齿痛穴,https://image.dayi.org.cn/public/uploads/20180907/2133799d6e5b11783324d363049c7c70.jpg?x-oss-process=image/resize,w_150
陵下穴,https://image.dayi.org.cn/public/uploads/20190813/84506ae9470475513816c6f5006dbca4.jpg?x-oss-process=image/resize,w_150
甘载穴,https://www.dayi.org.cn/_nuxt/img/public.71b9260.jpg
牙痛奇耳穴,https://www.dayi.org.cn/_nuxt/img/public.71b9260.jpg
脊柱点,https://image.dayi.org.cn/public/uploads/20190709/e887b60c771fe4cc0a3de13d2a20ed30.jpg?x-oss-process=image/resize,w_150
肠风穴,https://www.dayi.org.cn/_nuxt/img/public.71b9260.jpg
颈项点穴,https://image.dayi.org.cn/public/uploads/20190812/94d56f00bddb87ea7c9f59bc97762793.jpg?x-oss-process=image/resize,w_150
外八卦穴,https://www.dayi.org.cn/_nuxt/img/public.71b9260.jpg
左端正穴,https://image.dayi.org.cn/public/uploads/20190709/21a6f94242b87b31986e4f250a6d712e.jpg?x-oss-process=image/resize,w_150
上阳关穴,https://www.dayi.org.cn/_nuxt/img/public.71b9260.jpg
右端正穴,https://www.dayi.org.cn/_nuxt/img/public.71b9260.jpg
上八风穴,https://image.dayi.org.cn/public/uploads/20190813/cfcbb1be55b0931feb21f7b0c2ef8132.jpg?x-oss-process=image/resize,w_150
龙玄穴,https://image.dayi.org.cn/public/uploads/20190812/a0f473ff6e30133eb249edf20c3c7055.jpg?x-oss-process=image/resize,w_150
囟会穴,https://www.dayi.org.cn/_nuxt/img/public.71b9260.jpg
强间穴,https://www.dayi.org.cn/_nuxt/img/public.71b9260.jpg
前承山,https://www.dayi.org.cn/_nuxt/img/public.71b9260.jpg
肩内陵穴,https://image.dayi.org.cn/public/uploads/20190814/2ef6831076e356f8111d3b2a536b3b6a.jpg?x-oss-process=image/resize,w_150
洪音穴,https://image.dayi.org.cn/public/uploads/20190813/b2298879cca7bf0a9bf4813e14c17145.jpg?x-oss-process=image/resize,w_150
臂间穴,https://image.dayi.org.cn/public/uploads/20190814/3012dd3d23fe042ee935d03315f027bc.jpg?x-oss-process=image/resize,w_150
十王穴,https://www.dayi.org.cn/_nuxt/img/public.71b9260.jpg
散笑穴,https://www.dayi.org.cn/_nuxt/img/public.71b9260.jpg
淋泉穴,https://image.dayi.org.cn/public/uploads/20190813/07b3652797cecb43ffcdc5f37b279c7f.jpg?x-oss-process=image/resize,w_150
颞颥穴,https://www.dayi.org.cn/_nuxt/img/public.71b9260.jpg
灸痨穴,https://image.dayi.org.cn/public/uploads/20190813/ce8e5c3b975bf04af805240fc147669c.jpg?x-oss-process=image/resize,w_150
巨觉穴,https://image.dayi.org.cn/public/uploads/20190813/37abe9deac959751fb932efe9fd92830.jpg?x-oss-process=image/resize,w_150
灸哮穴,https://image.dayi.org.cn/public/uploads/20190812/b92c607d636a5a9c06f40ad398c00f8c.jpg?x-oss-process=image/resize,w_150
抬肩穴,https://image.dayi.org.cn/public/uploads/20180409/695af13948d9f381f32cb195df8139f3.png?x-oss-process=image/resize,w_150
手踝穴,https://image.dayi.org.cn/public/uploads/20190813/161b10fe2703df5a7ddcf6bd83ee5f07.jpg?x-oss-process=image/resize,w_150
乳下穴,https://image.dayi.org.cn/public/uploads/20190813/bf4897e4c85a790dd4355e5460c86e96.jpg?x-oss-process=image/resize,w_150
上都穴,https://image.dayi.org.cn/public/uploads/20190813/dd4d0b2d5282192297ba99acb09c91fa.jpg?x-oss-process=image/resize,w_150
气喘穴,https://image.dayi.org.cn/public/uploads/20190813/ac883460846d44d22168fb9e1832ae04.jpg?x-oss-process=image/resize,w_150
目飞穴,https://image.dayi.org.cn/public/uploads/20190813/035739d092a60aebb3aa16131eb61772.jpg?x-oss-process=image/resize,w_150
脾横穴,https://image.dayi.org.cn/public/uploads/20190812/1d299f62c6fbe38abf979ad101d1bc0e.jpg?x-oss-process=image/resize,w_150
立命穴,https://image.dayi.org.cn/public/uploads/20190813/6be17820209b2bc73dd95af7d68ee3c6.jpg?x-oss-process=image/resize,w_150
风痱穴,https://image.dayi.org.cn/public/uploads/20190813/b394cbc105df5727a4adc14bef558341.jpg?x-oss-process=image/resize,w_150
举臂穴,https://image.dayi.org.cn/public/uploads/20190813/3a14b099a2bfd8853b44d3d3ef8216a2.jpg?x-oss-process=image/resize,w_150
截疟穴,https://image.dayi.org.cn/public/uploads/20190813/290b0e00f4406ad0d084016ccf454f62.jpg?x-oss-process=image/resize,w_150
五指节穴,https://image.dayi.org.cn/public/uploads/20190813/6dddf09849ce096f0f23e3700cae890d.jpg?x-oss-process=image/resize,w_150
腰腿点穴,https://image.dayi.org.cn/public/uploads/20190813/3cc67ca811e5763ead96075b3b8c7eec.jpg?x-oss-process=image/resize,w_150
三管穴,https://image.dayi.org.cn/public/uploads/20190813/8b0ed50dbdeca1564020a2eed3826847.jpg?x-oss-process=image/resize,w_150
膝旁穴,https://image.dayi.org.cn/public/uploads/20190813/b57b85c60287dcba7b3cd08c26a9d697.jpg?x-oss-process=image/resize,w_150
光彩穴,https://image.dayi.org.cn/public/uploads/20190813/b958d90b228fe4c1ec2394509926ba9b.jpg?x-oss-process=image/resize,w_150
鼻穿穴,https://image.dayi.org.cn/public/uploads/20190813/af3b50a4536fc8fc03d2853263878a75.jpg?x-oss-process=image/resize,w_150
二十椎穴,https://image.dayi.org.cn/public/uploads/20190813/e0c418e1b5282aeb29748f2b9edb0dc9.jpg?x-oss-process=image/resize,w_150
耳鸣耳穴,https://image.dayi.org.cn/public/uploads/20190813/45ebf3ebda75ad853e21ffa550d890ab.jpg?x-oss-process=image/resize,w_150
防近耳穴,https://image.dayi.org.cn/public/uploads/20190813/f534bacc09c7c303efbbe8c61055186e.jpg?x-oss-process=image/resize,w_150
耳背臂耳穴,https://image.dayi.org.cn/public/uploads/20190812/a97113013ac9c21930f853c304473459.jpg?x-oss-process=image/resize,w_150
镇咳耳穴,https://image.dayi.org.cn/public/uploads/20190813/aaf2cccecf3a3f10ccf673741535d02c.jpg?x-oss-process=image/resize,w_150
中耳背耳穴,https://image.dayi.org.cn/public/uploads/20190814/d55e7ed2964d9c023dd63936df559024.jpg?x-oss-process=image/resize,w_150
足耳穴,https://image.dayi.org.cn/public/uploads/20190813/3176393643115159579fc8186ad29618.jpg?x-oss-process=image/resize,w_150
腮腺炎点耳穴,https://image.dayi.org.cn/public/uploads/20190812/36189145ded3aaf75886e1f071b1d8c6.jpg?x-oss-process=image/resize,w_150
下耳背耳穴,https://image.dayi.org.cn/public/uploads/20190813/5199a16c1b315f6ce251259f03d6e3a9.jpg?x-oss-process=image/resize,w_150
上耳背耳穴,https://image.dayi.org.cn/public/uploads/20190813/c45a1f4c45a085f5a762a0eb609d1257.jpg?x-oss-process=image/resize,w_150
聤宫耳穴,https://www.dayi.org.cn/_nuxt/img/public.71b9260.jpg
四肢运动中枢耳穴,https://www.dayi.org.cn/_nuxt/img/public.71b9260.jpg
睾丸1耳穴,https://www.dayi.org.cn/_nuxt/img/public.71b9260.jpg
睾丸2耳穴,https://www.dayi.org.cn/_nuxt/img/public.71b9260.jpg
下焦俞穴,https://www.dayi.org.cn/_nuxt/img/public.71b9260.jpg
退热点穴,https://www.dayi.org.cn/_nuxt/img/public.71b9260.jpg
定喘1穴,https://www.dayi.org.cn/_nuxt/img/public.71b9260.jpg
承肛穴,https://www.dayi.org.cn/_nuxt/img/public.71b9260.jpg
顶上穴,https://www.dayi.org.cn/_nuxt/img/public.71b9260.jpg
耳孔穴,https://www.dayi.org.cn/_nuxt/img/public.71b9260.jpg
扁桃体点穴,https://www.dayi.org.cn/_nuxt/img/public.71b9260.jpg
蛾根穴,https://www.dayi.org.cn/_nuxt/img/public.71b9260.jpg
后腹膜耳穴,https://www.dayi.org.cn/_nuxt/img/public.71b9260.jpg
兴隆穴,https://image.dayi.org.cn/public/uploads/20190812/4233805e382792f2a5c459245a6dfb13.jpg?x-oss-process=image/resize,w_150
小江穴,https://image.dayi.org.cn/public/uploads/20190814/ac24521d9dc01e7c473dbbdb44a83e3b.jpg?x-oss-process=image/resize,w_150
下承山穴,https://image.dayi.org.cn/public/uploads/20190812/4aa1fb2b087297a38fa6ac805ad0a6db.jpg?x-oss-process=image/resize,w_150
定晕穴,https://image.dayi.org.cn/public/uploads/20190812/40c71e6246f565596c167e6e02e8ef68.jpg?x-oss-process=image/resize,w_150
外直立穴,https://image.dayi.org.cn/public/uploads/20190812/318664d9f66be68343559d8250a68a09.jpg?x-oss-process=image/resize,w_150
定惊点穴,https://image.dayi.org.cn/public/uploads/20180704/7c6cf21cc7f75085659cd448bbbee8e9.jpg?x-oss-process=image/resize,w_150
地健穴,https://image.dayi.org.cn/public/uploads/20190813/b5c3ad71ac46f39bd064c1dde025edec.jpg?x-oss-process=image/resize,w_150
大天心穴,https://www.dayi.org.cn/_nuxt/img/public.71b9260.jpg
委委穴,https://image.dayi.org.cn/public/uploads/20190813/0ce40d458673559c6d2ee770d92f1e67.jpg?x-oss-process=image/resize,w_150
斗肘穴,https://image.dayi.org.cn/public/uploads/20190813/bd62bbf22d79a2cae307ee0500fc8eca.jpg?x-oss-process=image/resize,w_150
急救点穴,https://image.dayi.org.cn/public/uploads/20190812/365f174312ef82f7f590cababad6cadc.jpg?x-oss-process=image/resize,w_150
新伏兔穴,https://image.dayi.org.cn/public/uploads/20190812/aa43ed952c43e40f788b44e7244fb191.jpg?x-oss-process=image/resize,w_150
偏头点穴,https://image.dayi.org.cn/public/uploads/20190812/ea1e4f1eff5871bb786bbe33e924c8d0.jpg?x-oss-process=image/resize,w_150
上血海穴,https://image.dayi.org.cn/public/uploads/20190814/dd260978e13a78a1e2d9bef4d8d6f6fd.jpg?x-oss-process=image/resize,w_150
上曲泉穴,https://image.dayi.org.cn/public/uploads/20190812/f07c3862143158fd4053247961df53b9.jpg?x-oss-process=image/resize,w_150
股里穴,https://image.dayi.org.cn/public/uploads/20190812/1bb1c8cacfeb62cff3778e6b7e0fcf99.jpg?x-oss-process=image/resize,w_150
虎金寸穴,https://image.dayi.org.cn/public/uploads/20190813/26c6c780270b0abafc5e9e565fb5207c.jpg?x-oss-process=image/resize,w_150
环门穴,https://image.dayi.org.cn/public/uploads/20190812/1fbb621c31595e9cbbc1acedcc6038e0.jpg?x-oss-process=image/resize,w_150
肱桡肌运动点穴,https://image.dayi.org.cn/public/uploads/20190814/17e09bbbbe591c6ea72f5c8dcc3fc751.jpg?x-oss-process=image/resize,w_150
肱二头肌运动点穴,https://image.dayi.org.cn/public/uploads/20190812/d330793ea188a14372497d8a2709dfbf.jpg?x-oss-process=image/resize,w_150
股薄肌运动点穴,https://image.dayi.org.cn/public/uploads/20190812/6b74f2f314ffed571fa6f6f1ae49ea40.jpg?x-oss-process=image/resize,w_150
环边穴,https://image.dayi.org.cn/public/uploads/20190812/506a7fe176cd43d3bb7bbe8387c82b8f.jpg?x-oss-process=image/resize,w_150
肱二头肌恢复点穴,https://image.dayi.org.cn/public/uploads/20190812/ffffd32edb35910a138af1640e683c00.jpg?x-oss-process=image/resize,w_150
肱肌运动点穴,https://image.dayi.org.cn/public/uploads/20190812/159d69034c8c38f0805b77dab47065e7.jpg?x-oss-process=image/resize,w_150
肩内髃穴,https://image.dayi.org.cn/public/uploads/20190812/927e8d522379d2eade36608e4228a6af.jpg?x-oss-process=image/resize,w_150
松弛穴,https://image.dayi.org.cn/public/uploads/20190812/3a32962921f70226469ca27e7f48b12d.jpg?x-oss-process=image/resize,w_150
松痛穴,https://image.dayi.org.cn/public/uploads/20190812/957cec4083e8ae6c17e77ab6b9707420.jpg?x-oss-process=image/resize,w_150
假巨穴,https://image.dayi.org.cn/public/uploads/20190812/0f34f89e2694be22f99124aeca531635.jpg?x-oss-process=image/resize,w_150
肾脊穴,https://image.dayi.org.cn/public/uploads/20190812/1c0b344dd694ea2c0dbc76f914b54fe9.jpg?x-oss-process=image/resize,w_150
生边穴,https://image.dayi.org.cn/public/uploads/20190813/914c6d22f10b581d2a67859a8eff3c26.jpg?x-oss-process=image/resize,w_150
箕下穴,https://image.dayi.org.cn/public/uploads/20190812/0ae6a08034722b8ec0787ca544adbd13.jpg?x-oss-process=image/resize,w_150
肾热穴,https://image.dayi.org.cn/public/uploads/20190814/edf6ac80c644b4750c5873b224979a3e.jpg?x-oss-process=image/resize,w_150
上曲池穴,https://image.dayi.org.cn/public/uploads/20190812/95d85917f2c622e1d552bcb21ab7926e.jpg?x-oss-process=image/resize,w_150
上三阴交穴,https://image.dayi.org.cn/public/uploads/20190812/c982d16b5337f7fa35eeeebf03106b0c.jpg?x-oss-process=image/resize,w_150
曲尺穴,https://image.dayi.org.cn/public/uploads/20190812/8c7759d14aa47d01a79bc99e239180ce.jpg?x-oss-process=image/resize,w_150
屈拇短肌运动点穴,https://image.dayi.org.cn/public/uploads/20190814/1e7e194835d60ef271543f445201b902.jpg?x-oss-process=image/resize,w_150
髂髌中穴,https://image.dayi.org.cn/public/uploads/20190812/9adeb483de3bd56aafd1ff3d459f8518.jpg?x-oss-process=image/resize,w_150
前风市穴,https://image.dayi.org.cn/public/uploads/20190812/6b9d97ef2b872c1565d1c9b15c467e47.jpg?x-oss-process=image/resize,w_150
钱孔穴,https://image.dayi.org.cn/public/uploads/20190812/463bea10434a2fb8fc0ef2b22941fe75.jpg?x-oss-process=image/resize,w_150
肝热穴,https://www.dayi.org.cn/_nuxt/img/public.71b9260.jpg
后听穴,https://www.dayi.org.cn/_nuxt/img/public.71b9260.jpg
后血海穴,https://image.dayi.org.cn/public/uploads/20190813/ee1f4e7f4765ef7b865d0ea4b7751084.jpg?x-oss-process=image/resize,w_150
偏盲区,https://image.dayi.org.cn/public/uploads/20190812/c3ff11fe5c3dd06918f25aaa2629612e.jpg?x-oss-process=image/resize,w_150
健胯穴,https://www.dayi.org.cn/_nuxt/img/public.71b9260.jpg
剑巨穴,https://www.dayi.org.cn/_nuxt/img/public.71b9260.jpg
理中穴,https://image.dayi.org.cn/public/uploads/20190812/706d44d24c81b8dc39f88b831468e82a.jpg?x-oss-process=image/resize,w_150
掘进3穴,https://image.dayi.org.cn/public/uploads/20190812/333979c1904a6a317180b151a57ad240.jpg?x-oss-process=image/resize,w_150
掘进4穴,https://image.dayi.org.cn/public/uploads/20190812/5d919bbc0e7560df40cc4142403b11a5.jpg?x-oss-process=image/resize,w_150
龙舌穴,https://www.dayi.org.cn/_nuxt/img/public.71b9260.jpg
掘进1穴,https://image.dayi.org.cn/public/uploads/20190812/bf885255c75c6abca56f57d0143584b8.jpg?x-oss-process=image/resize,w_150
胫下穴,https://image.dayi.org.cn/public/uploads/20190812/e7d1fd4f3b0e94379521fdcb08bb915e.jpg?x-oss-process=image/resize,w_150
林白穴,https://image.dayi.org.cn/public/uploads/20190813/ca27fa0d5502e0a867ff22d2ce835ddd.jpg?x-oss-process=image/resize,w_150
纠外翻2穴,https://image.dayi.org.cn/public/uploads/20190812/3479aa6fe221848829dfea5fa52ed616.jpg?x-oss-process=image/resize,w_150
降血压点,https://www.dayi.org.cn/_nuxt/img/public.71b9260.jpg
解剪穴,https://image.dayi.org.cn/public/uploads/20190813/401e42ea16b80dcefe6b3579f031ac8f.jpg?x-oss-process=image/resize,w_150
鸠尾骨穴,https://image.dayi.org.cn/public/uploads/20190813/d81f17ae8e2e66fb355f98594ac94aa4.jpg?x-oss-process=image/resize,w_150
全知穴,https://image.dayi.org.cn/public/uploads/20190813/767732aa8307dc616af68c98696ad7c7.jpg?x-oss-process=image/resize,w_150
下屏尖耳穴,https://image.dayi.org.cn/public/uploads/20190813/35a6999a61179c58d973c09c187856bb.jpg?x-oss-process=image/resize,w_150
头顶点,https://image.dayi.org.cn/public/uploads/20190813/431c4cb831cefdc552b204aa0ae485dd.jpg?x-oss-process=image/resize,w_150
肾点穴,https://www.dayi.org.cn/_nuxt/img/public.71b9260.jpg
胸痛点穴,https://image.dayi.org.cn/public/uploads/20190814/850622da16f08e00601d43f51a4da056.jpg?x-oss-process=image/resize,w_150
脾点穴,https://image.dayi.org.cn/public/uploads/20190814/dc307d24fc608af97bb8d8116c7749d7.jpg?x-oss-process=image/resize,w_150
声带耳穴,https://image.dayi.org.cn/public/uploads/20190814/1bd5479868bfd45412ebb1c77e26b6c7.jpg?x-oss-process=image/resize,w_150
眼心穴,https://www.dayi.org.cn/_nuxt/img/public.71b9260.jpg
眼疾点穴,https://image.dayi.org.cn/public/uploads/20190813/07660da4faee96cfbf5ac114ba8c38c0.jpg?x-oss-process=image/resize,w_150
五柱灸穴,https://www.dayi.org.cn/_nuxt/img/public.71b9260.jpg
委下穴,https://image.dayi.org.cn/public/uploads/20180705/9fd6a72dd085496857277feac1d52d36.jpg?x-oss-process=image/resize,w_150
新生穴,https://www.dayi.org.cn/_nuxt/img/public.71b9260.jpg
胃肠点穴,https://www.dayi.org.cn/_nuxt/img/public.71b9260.jpg
后头点穴,https://image.dayi.org.cn/public/uploads/20190814/a4db7ba913a5ed04cb2f98ea6f9117c9.jpg?x-oss-process=image/resize,w_150
踝点穴,https://image.dayi.org.cn/public/uploads/20190814/11651aea01223f00f184d9bfa08b99f2.jpg?x-oss-process=image/resize,w_150
承踪穴,https://image.dayi.org.cn/public/uploads/20190812/8eff82c96688f81182e436dbfd84069f.jpg?x-oss-process=image/resize,w_150
传尸灸穴,https://image.dayi.org.cn/public/uploads/20190813/c6a22e64a0edf2543bc420208851eb9f.jpg?x-oss-process=image/resize,w_150
股点穴,https://image.dayi.org.cn/public/uploads/20190812/12ae3894248b0aa7da3fa8370743b214.jpg?x-oss-process=image/resize,w_150
百息穴,https://image.dayi.org.cn/public/uploads/20190814/10a33c3805c753fcb080a609a4f3c656.jpg?x-oss-process=image/resize,w_150
研子穴,https://image.dayi.org.cn/public/uploads/20190812/589e443a717cb144526a9506b2da5410.jpg?x-oss-process=image/resize,w_150
新攒竹穴,https://image.dayi.org.cn/public/uploads/20190813/c1c20cdfd1577c51dbbb81f43c623a51.jpg?x-oss-process=image/resize,w_150
阳癍穴,https://www.dayi.org.cn/_nuxt/img/public.71b9260.jpg
消疬穴,https://image.dayi.org.cn/public/uploads/20190813/31899b5f3d2ac0a64d524667525b70bb.jpg?x-oss-process=image/resize,w_150
下侠白穴,https://image.dayi.org.cn/public/uploads/20190812/3612168f38ca7b0e6e31e6abdbe6026f.jpg?x-oss-process=image/resize,w_150
牙咬穴,https://image.dayi.org.cn/public/uploads/20190813/bdea39761305ad5698d46705f581adf7.jpg?x-oss-process=image/resize,w_150
下昆仑穴,https://image.dayi.org.cn/public/uploads/20180704/d224698ba766273b04080026854ba4c4.jpg?x-oss-process=image/resize,w_150
新环跳穴,https://image.dayi.org.cn/public/uploads/20190812/2deca357d8ec552cd9eee434faeb78dc.jpg?x-oss-process=image/resize,w_150
小清明穴,https://image.dayi.org.cn/public/uploads/20190813/e8451210362994936fadb08ba378772c.jpg?x-oss-process=image/resize,w_150
岩池穴,https://image.dayi.org.cn/public/uploads/20190812/d521c0988692ae3560f4ac739edf6224.jpg?x-oss-process=image/resize,w_150
外龙舌穴,https://image.dayi.org.cn/public/uploads/20190813/7bc5ea0d99be187252f7309d80b6aeaa.jpg?x-oss-process=image/resize,w_150
大轮穴,https://image.dayi.org.cn/public/uploads/20190813/b4b78dc7615fdf94c415e5c433a5e685.jpg?x-oss-process=image/resize,w_150
头冲穴,https://image.dayi.org.cn/public/uploads/20190812/0899a46fa155f6fe548e93d98729d671.jpg?x-oss-process=image/resize,w_150
手掌后白肉际穴,https://image.dayi.org.cn/public/uploads/20190813/09db6232ef17f16f61e7d273a8ae2950.jpg?x-oss-process=image/resize,w_150
里期门穴,https://image.dayi.org.cn/public/uploads/20190813/4f1fe30ade6fec8a9c63a2bf48d5274c.jpg?x-oss-process=image/resize,w_150
小儿食痫穴,https://image.dayi.org.cn/public/uploads/20180705/80f0d6d6565518574da23ce870b5ee4e.jpg?x-oss-process=image/resize,w_150
无名奇穴,https://image.dayi.org.cn/public/uploads/20190813/ced544874bc0fe1480339294745ec1a6.jpg?x-oss-process=image/resize,w_150
当容穴,https://image.dayi.org.cn/public/uploads/20180705/2d4edde7a2ffdb0ccf45a67d02eeebf3.jpg?x-oss-process=image/resize,w_150
头风穴,https://image.dayi.org.cn/public/uploads/20190813/fbaba7637673ece533ecbfa821f23989.jpg?x-oss-process=image/resize,w_150
六筋穴,https://image.dayi.org.cn/public/uploads/20190813/3b6e757b1d9245f26ed78b316eabf8af.jpg?x-oss-process=image/resize,w_150
升压点穴,https://www.dayi.org.cn/_nuxt/img/public.71b9260.jpg
大门穴,https://image.dayi.org.cn/public/uploads/20190814/5e4667921c092e05e5b1362ec7479833.jpg?x-oss-process=image/resize,w_150
三焦点穴,https://image.dayi.org.cn/public/uploads/20190813/806185bcd2a63365aa1c5d9e2dc2a013.jpg?x-oss-process=image/resize,w_150
命门点穴,https://image.dayi.org.cn/public/uploads/20190813/d3df953009e00f646f7c88f39f0a3f95.jpg?x-oss-process=image/resize,w_150
维宫穴,https://image.dayi.org.cn/public/uploads/20190813/832a7271514fe6a929d576054a518816.jpg?x-oss-process=image/resize,w_150
耳壳后穴,https://image.dayi.org.cn/public/uploads/20190812/6fdb6bfffb41863d2d313e2dcad452fc.jpg?x-oss-process=image/resize,w_150
金河穴,https://image.dayi.org.cn/public/uploads/20190812/7f4578b04d682574044361bbaf99da58.jpg?x-oss-process=image/resize,w_150
虎边穴,https://image.dayi.org.cn/public/uploads/20190812/20fb40764451ee7e57e780c5a1bad47a.jpg?x-oss-process=image/resize,w_150
高血压下点穴,https://image.dayi.org.cn/public/uploads/20190813/9d7a579fa82aed3c28a125b4280abfe6.jpg?x-oss-process=image/resize,w_150
囊下缝穴,https://image.dayi.org.cn/public/uploads/20190813/59deefaf8e18b08d661b403269d41413.jpg?x-oss-process=image/resize,w_150
马氏点穴,https://image.dayi.org.cn/public/uploads/20190812/a722e1d54ec392eae79b03c7f8e45766.jpg?x-oss-process=image/resize,w_150
节纹穴,https://image.dayi.org.cn/public/uploads/20190813/a83be27be614ef45ef4dcb063f9ca636.jpg?x-oss-process=image/resize,w_150
肩后穴,https://www.dayi.org.cn/_nuxt/img/public.71b9260.jpg
强胯穴,https://image.dayi.org.cn/public/uploads/20190814/6c44e6ba6487174cbc1157da09f9f50a.jpg?x-oss-process=image/resize,w_150
热府穴,https://image.dayi.org.cn/public/uploads/20190812/1442f8e726f264dc934f0e72ddc5f108.jpg?x-oss-process=image/resize,w_150
股内收穴,https://image.dayi.org.cn/public/uploads/20190812/97204a7052bce81b73a7a55434f4b8ab.jpg?x-oss-process=image/resize,w_150
肾区,https://image.dayi.org.cn/public/uploads/20190812/834f3f2b54d1bec30a2a77011c4fe6da.jpg?x-oss-process=image/resize,w_150
上肢点穴,https://image.dayi.org.cn/public/uploads/20190813/9cbc241e5c7cb7a9ac2113330a93a21b.jpg?x-oss-process=image/resize,w_150
闪电穴,https://image.dayi.org.cn/public/uploads/20190813/3851189685dcb51a2df74467b545c7e3.jpg?x-oss-process=image/resize,w_150
上后溪穴,https://image.dayi.org.cn/public/uploads/20190812/3f4b4c4edaa034ed87367d244965e4ba.jpg?x-oss-process=image/resize,w_150
阳枢穴,https://image.dayi.org.cn/public/uploads/20190813/506f0444b5ae2c509dd87cdbf1947e25.jpg?x-oss-process=image/resize,w_150
前发际穴,https://image.dayi.org.cn/public/uploads/20190813/a38e69bf1d3927ed922feab196e75c1b.jpg?x-oss-process=image/resize,w_150
气海募穴,https://image.dayi.org.cn/public/uploads/20180704/6d099abb239b4b292b4801d0834677e8.jpg?x-oss-process=image/resize,w_150
岐伯灸穴,https://image.dayi.org.cn/public/uploads/20190812/89ff3f1bc9ddfba84d71ea56fd1ecd6b.jpg?x-oss-process=image/resize,w_150
尿血穴,https://image.dayi.org.cn/public/uploads/20190812/dae19ac332ba1a306e6609fcc7c80810.jpg?x-oss-process=image/resize,w_150
囊底穴,https://www.dayi.org.cn/_nuxt/img/public.71b9260.jpg
琵琶穴,https://image.dayi.org.cn/public/uploads/20190812/7d2c973907605bb2210c2207cfeb9f0e.jpg?x-oss-process=image/resize,w_150
旁谷穴,https://image.dayi.org.cn/public/uploads/20190812/be5eaeb0d22f0f7363d0d1ff2d799154.jpg?x-oss-process=image/resize,w_150
脾热穴,https://image.dayi.org.cn/public/uploads/20190813/d292065b5d34a35b2affac0551cb16d8.jpg?x-oss-process=image/resize,w_150
建胃穴,https://www.dayi.org.cn/_nuxt/img/public.71b9260.jpg
溃疡穴,https://www.dayi.org.cn/_nuxt/img/public.71b9260.jpg
理便穴,https://www.dayi.org.cn/_nuxt/img/public.71b9260.jpg
肋头穴,https://www.dayi.org.cn/_nuxt/img/public.71b9260.jpg
靠山穴,https://www.dayi.org.cn/_nuxt/img/public.71b9260.jpg
纠外翻1穴,https://image.dayi.org.cn/public/uploads/20180704/ca6f604a467e40c7cc45ab092d3f0dcb.jpg?x-oss-process=image/resize,w_150
额旁一线,https://image.dayi.org.cn/public/uploads/20190813/ed248a53132818fe05631038b050905a.jpg?x-oss-process=image/resize,w_150
额旁二线,https://image.dayi.org.cn/public/uploads/20190813/fdc99fc0a52a3d05f2fee046e56e498b.jpg?x-oss-process=image/resize,w_150
额中线,https://image.dayi.org.cn/public/uploads/20190813/a2846141d9d8536489d912b1a0c43474.jpg?x-oss-process=image/resize,w_150
肝胆区,https://image.dayi.org.cn/public/uploads/20190813/e39b010ef7c69209990e6204f148db14.jpg?x-oss-process=image/resize,w_150
珠顶耳穴,https://image.dayi.org.cn/public/uploads/20190812/781f821d084d027aed8030339f5f3ca9.jpg?x-oss-process=image/resize,w_150
顶椎穴,https://image.dayi.org.cn/public/uploads/20190813/767e950ee641b703392bc4ad19e6ea2c.jpg?x-oss-process=image/resize,w_150
表四灵穴,https://image.dayi.org.cn/public/uploads/20190813/c9d80eb5571c9d93c05067fb5dc775e0.jpg?x-oss-process=image/resize,w_150
鬼当穴,https://image.dayi.org.cn/public/uploads/20190813/3a9148e53a3dca10d3e3875970461438.jpg?x-oss-process=image/resize,w_150
白喉穴1穴,https://image.dayi.org.cn/public/uploads/20190813/1182c5bc05e2c7f8edf8554de722b435.jpg?x-oss-process=image/resize,w_150
传尸穴,https://image.dayi.org.cn/public/uploads/20190813/a8954a2d57be7547143d16bf523275ee.jpg?x-oss-process=image/resize,w_150
百种风穴,https://image.dayi.org.cn/public/uploads/20190813/bf245e386c418db76376da185119bd79.jpg?x-oss-process=image/resize,w_150
白喉穴2穴,https://image.dayi.org.cn/public/uploads/20190813/41f46e2b7e1ad14a7d287246b4302b53.jpg?x-oss-process=image/resize,w_150
额上穴,https://image.dayi.org.cn/public/uploads/20190813/a5cbb60ecfad87686f1e3fd4c1345541.jpg?x-oss-process=image/resize,w_150
耳屏外三穴,https://www.dayi.org.cn/_nuxt/img/public.71b9260.jpg
小掘进穴,https://image.dayi.org.cn/img/20250212/2f5ad91589cd4c358482817fba6b4983.jpg?x-oss-process=image/resize,w_150
胁堂穴,https://image.dayi.org.cn/public/uploads/20190813/66f9ae3b4616a3b0ecaf0df1ff7570c8.jpg?x-oss-process=image/resize,w_150
下中极穴,https://image.dayi.org.cn/public/uploads/20190813/0d8e56241991adb503c2f7da819c8363.jpg?x-oss-process=image/resize,w_150
大便难穴,https://image.dayi.org.cn/public/uploads/20190813/7756d0864fee3b1492e4e9ae672648b7.jpg?x-oss-process=image/resize,w_150
亭头穴,https://image.dayi.org.cn/public/uploads/20180705/92c9e8c6954aa2859275cc6c27b3d7f4.jpg?x-oss-process=image/resize,w_150
听穴,https://www.dayi.org.cn/_nuxt/img/public.71b9260.jpg
额旁三线,https://www.dayi.org.cn/_nuxt/img/public.71b9260.jpg
顶中线,https://image.dayi.org.cn/public/uploads/20190813/67b32d2838b483f3153559aefe42d4e8.jpg?x-oss-process=image/resize,w_150
四连穴,https://image.dayi.org.cn/public/uploads/20190813/808db1ddf7c8eb9ee08c9344452e5edd.jpg?x-oss-process=image/resize,w_150
上字灸,https://image.dayi.org.cn/public/uploads/20190813/48d89b088af06898bd80ce5cdda0d76f.jpg?x-oss-process=image/resize,w_150
屈阳委穴,https://image.dayi.org.cn/public/uploads/20190813/d23fa8a350b2b70356d6f618969013ab.jpg?x-oss-process=image/resize,w_150
梅花三针,https://image.dayi.org.cn/public/uploads/20180704/e269be47be53a7ccdb22d890720109f2.png?x-oss-process=image/resize,w_150
里四灵穴,https://image.dayi.org.cn/public/uploads/20190813/52d5fcb0ddbe4c6ebb0bad9953042cd0.jpg?x-oss-process=image/resize,w_150
落颈穴,https://image.dayi.org.cn/public/uploads/20190813/8ef3cd1cb4d058a94b50118ee1172e88.jpg?x-oss-process=image/resize,w_150
枕下旁线,https://image.dayi.org.cn/public/uploads/20190813/6946d8212d91c74e0b3c2c16e8bcc9ba.jpg?x-oss-process=image/resize,w_150
顶旁二线,https://image.dayi.org.cn/public/uploads/20190813/83781ff896da8646d183e4d2e51f6c4b.jpg?x-oss-process=image/resize,w_150
顶天穴,https://image.dayi.org.cn/public/uploads/20180705/f37afb62a17135bad91286a1af9ff42a.jpg?x-oss-process=image/resize,w_150
新肋头穴,https://www.dayi.org.cn/_nuxt/img/public.71b9260.jpg
哑穴,https://image.dayi.org.cn/public/uploads/20190813/b9301a7fb0d07b3045a44805f816d192.jpg?x-oss-process=image/resize,w_150
东一穴,https://image.dayi.org.cn/public/uploads/20190813/0e545a1ca39490eef110a7db411d1743.jpg?x-oss-process=image/resize,w_150
下曲骨穴,https://image.dayi.org.cn/public/uploads/20190813/a168acee498689db7cb8341dff4b3d47.jpg?x-oss-process=image/resize,w_150
新明1穴,https://www.dayi.org.cn/_nuxt/img/public.71b9260.jpg
小儿睡惊穴,https://image.dayi.org.cn/public/uploads/20190813/4e50502fd91ce7074b9a838b997256f7.jpg?x-oss-process=image/resize,w_150
膝上二穴,https://image.dayi.org.cn/public/uploads/20190812/3c101e5f3e6ab94c7d6863da3e497418.jpg?x-oss-process=image/resize,w_150
外踝前交脉穴,https://image.dayi.org.cn/public/uploads/20190812/b2edc2bd675b567de61a3b449c7e91c6.jpg?x-oss-process=image/resize,w_150
血管舒缩区,https://image.dayi.org.cn/public/uploads/20190812/16d0c012ac7463a0a67d886b0689c3d6.jpg?x-oss-process=image/resize,w_150
肠区（头针穴位）,https://image.dayi.org.cn/public/uploads/20190812/0c056657018ae3b58fdb56be80d4e00b.jpg?x-oss-process=image/resize,w_150
手足大指爪甲穴,https://image.dayi.org.cn/public/uploads/20190812/24c2142b06f762fc90547635d9a13016.jpg?x-oss-process=image/resize,w_150
肩头穴,https://image.dayi.org.cn/public/uploads/20190813/e42cb1d49083f7e010b57bfa819bb808.jpg?x-oss-process=image/resize,w_150
天听穴,https://www.dayi.org.cn/_nuxt/img/public.71b9260.jpg
前神聪穴,https://www.dayi.org.cn/_nuxt/img/public.71b9260.jpg
前后隐珠穴,https://www.dayi.org.cn/_nuxt/img/public.71b9260.jpg
后聪穴,https://image.dayi.org.cn/public/uploads/20190813/f8759061d9d55abbe7318238d0cd7b58.jpg?x-oss-process=image/resize,w_150
后神聪穴,https://image.dayi.org.cn/public/uploads/20190813/424f700b806d45c246b50d8e3a94e1cd.jpg?x-oss-process=image/resize,w_150
关仪穴,https://image.dayi.org.cn/public/uploads/20190813/14d79452f61eaa85cc0a598496d5cec9.jpg?x-oss-process=image/resize,w_150
跟平穴,https://image.dayi.org.cn/public/uploads/20190813/ff23ab9ee066f1f868929e355779b46e.jpg?x-oss-process=image/resize,w_150
肩痛2穴,https://image.dayi.org.cn/public/uploads/20190813/f4e30391db1b27c7b1d1c10c1cd2a79f.jpg?x-oss-process=image/resize,w_150
肩痛1穴,https://image.dayi.org.cn/public/uploads/20190813/9ada3a5586a1f8fe6eb8919a2b090ea9.jpg?x-oss-process=image/resize,w_150
肩痛3穴,https://image.dayi.org.cn/public/uploads/20190813/06d8d6fd4c1b5447055c1af322f3a940.jpg?x-oss-process=image/resize,w_150
肩痛5穴,https://image.dayi.org.cn/public/uploads/20190813/12c71e7d6dace39cba7a260a98f4f996.jpg?x-oss-process=image/resize,w_150
肩痛4穴,https://image.dayi.org.cn/public/uploads/20180704/01c7b4ad1cf1ce64ea2f618c40f67343.jpg?x-oss-process=image/resize,w_150
上牙痛穴,https://image.dayi.org.cn/public/uploads/20190813/632d2ca9ebc1040f34ae30cfaf07a2a7.jpg?x-oss-process=image/resize,w_150
后阳关穴,https://www.dayi.org.cn/_nuxt/img/public.71b9260.jpg
落地穴,https://image.dayi.org.cn/public/uploads/20190813/e8c8b3e603a4f89d0a751ab1f17dd931.jpg?x-oss-process=image/resize,w_150
拇趾里横纹穴,https://www.dayi.org.cn/_nuxt/img/public.71b9260.jpg
府舍穴,https://www.dayi.org.cn/_nuxt/img/public.71b9260.jpg
至阳六之灸穴,https://image.dayi.org.cn/public/uploads/20190813/99bf254ede0815ad1ee7bd8129804761.jpg?x-oss-process=image/resize,w_150
郎阴穴,https://image.dayi.org.cn/public/uploads/20190813/48d793aa62d37704afa560a09721edb4.jpg?x-oss-process=image/resize,w_150
痰喘穴,https://image.dayi.org.cn/public/uploads/20190813/aeb286dfb0e3b0b69fdcfd60465981a0.jpg?x-oss-process=image/resize,w_150
风岩穴,https://image.dayi.org.cn/public/uploads/20190812/839a059fa22a1384707c9bcc71d2623f.jpg?x-oss-process=image/resize,w_150
内阳池穴,https://image.dayi.org.cn/public/uploads/20190813/287f94db1da4a3e45c160e56fefe2d69.jpg?x-oss-process=image/resize,w_150
肋罅穴,https://image.dayi.org.cn/public/uploads/20190813/2bd46897e19029960ea663720a67ed6d.jpg?x-oss-process=image/resize,w_150
六华穴,https://image.dayi.org.cn/public/uploads/20190813/7f7eb9e7a5a9c33660cbd7c7179e7dce.jpg?x-oss-process=image/resize,w_150
接骨穴,https://image.dayi.org.cn/public/uploads/20190813/d6afc2756f983bdb22b4304e6b3d3da2.jpg?x-oss-process=image/resize,w_150
承命穴,https://image.dayi.org.cn/public/uploads/20190813/8e924caf2b82277daea16f5d54f4bf4c.jpg?x-oss-process=image/resize,w_150
股内肌运动点穴,https://image.dayi.org.cn/public/uploads/20190813/823b9b038c487357ec65016153e9dfea.jpg?x-oss-process=image/resize,w_150
股外肌运动点穴,https://image.dayi.org.cn/public/uploads/20180706/853bdfcd6066e20dcc6a3b3bf63d0698.png?x-oss-process=image/resize,w_150
鬼床穴,https://image.dayi.org.cn/public/uploads/20190813/2edf2d62e8937927e557046c2cb3cc9c.jpg?x-oss-process=image/resize,w_150
高骨穴,https://image.dayi.org.cn/public/uploads/20190813/dd24de41d0d7489981d54d8ab3c57ca2.jpg?x-oss-process=image/resize,w_150
华佗穴,https://image.dayi.org.cn/public/uploads/20190813/4aac1e9c3c938044d6ac2f99cf9abefc.jpg?x-oss-process=image/resize,w_150
肩柱骨穴,https://image.dayi.org.cn/public/uploads/20190813/77d2594b4c9a2be323c9741f4a639410.jpg?x-oss-process=image/resize,w_150
肩根穴,https://image.dayi.org.cn/public/uploads/20190813/63c9b3a6c98e4e511f0a85f058dd5b5e.jpg?x-oss-process=image/resize,w_150
脊三穴,https://image.dayi.org.cn/public/uploads/20190813/07b6cdc4c94ee4507f5eb0039c801cbe.jpg?x-oss-process=image/resize,w_150
甲根穴,https://image.dayi.org.cn/public/uploads/20190813/3c2e3ca33b4aed7b1b1adf32e69c180d.jpg?x-oss-process=image/resize,w_150
食仓穴,https://image.dayi.org.cn/public/uploads/20190813/6167a94c95abbc63e0763987bf0dd8f7.jpg?x-oss-process=image/resize,w_150
食关穴,https://image.dayi.org.cn/public/uploads/20190813/810f0be673384d890c39a1117447cc12.jpg?x-oss-process=image/resize,w_150
肾系穴,https://image.dayi.org.cn/public/uploads/20190812/1f65abf653456e7d5b325e6fe8db640a.jpg?x-oss-process=image/resize,w_150
手足小指穴,https://image.dayi.org.cn/public/uploads/20180704/ba825cb321292aab148f0c8b4a718b51.jpg?x-oss-process=image/resize,w_150
手心穴,https://image.dayi.org.cn/public/uploads/20190813/a7668a70041658379d2a05c54b0b0eea.jpg?x-oss-process=image/resize,w_150
神府穴,https://image.dayi.org.cn/public/uploads/20180704/279f11f0b008ccfa2b30564b30b689b8.png?x-oss-process=image/resize,w_150
枢边穴,https://image.dayi.org.cn/public/uploads/20190813/ebe6de94de1f35677b0868aa5830ac4d.jpg?x-oss-process=image/resize,w_150
身交穴,https://image.dayi.org.cn/public/uploads/20190813/2e356427de6cdc3a6a5cd801fdc33623.jpg?x-oss-process=image/resize,w_150
天聪穴,https://image.dayi.org.cn/public/uploads/20190812/b3817013c3b3ff78a71b651288b9a46c.jpg?x-oss-process=image/resize,w_150
疔俞穴,https://image.dayi.org.cn/public/uploads/20190813/aa8fefcdf8cf8cd961ce84ea520ba7cd.jpg?x-oss-process=image/resize,w_150
始素穴,https://image.dayi.org.cn/public/uploads/20190813/4df3e25694dfcfa1318d76a7f8f523da.jpg?x-oss-process=image/resize,w_150
强音穴,https://image.dayi.org.cn/public/uploads/20190813/6ed0f4730b9c4011a0a2515df6adf404.jpg?x-oss-process=image/resize,w_150
泉阴穴,https://image.dayi.org.cn/public/uploads/20190813/b5d2920a1c6a297f7115558e0d3e1c2a.jpg?x-oss-process=image/resize,w_150
阳维穴,https://image.dayi.org.cn/public/uploads/20190813/b4a2095d47581d6ddf6ef35e8a8be18a.jpg?x-oss-process=image/resize,w_150
气堂穴,https://image.dayi.org.cn/public/uploads/20190813/cc911a79d11eaabb2f9fa509c5101fb7.jpg?x-oss-process=image/resize,w_150
期间穴,https://image.dayi.org.cn/public/uploads/20190813/1affeb90874d294178554370dc6fa1fb.jpg?x-oss-process=image/resize,w_150
